"kingdom"	"phylum"	"class"	"order"	"family"	"genus"	"taxon_annotation"
"OTU_97.31247"	"2"	"1239"	"91061"	"186826"	"1300"	"Streptococcus"	"facultative_anaerobic"
"OTU_97.44487"	"2"	"1239"	"91061"	"186826"	"1300"	"Streptococcus"	"facultative_anaerobic"
"OTU_97.34979"	"2"	"1239"	"91061"	"186826"	"1300"	"Streptococcus"	"facultative_anaerobic"
"OTU_97.34572"	"2"	"1239"	"91061"	"186826"	"1300"	"Streptococcus"	"facultative_anaerobic"
"OTU_97.42259"	"2"	"1239"	"91061"	"186826"	"1300"	"Streptococcus"	"facultative_anaerobic"
"OTU_97.34698"	"2"	"1239"	"91061"	"186826"	"1300"	"Streptococcus"	"facultative_anaerobic"
"OTU_97.34087"	"2"	"1239"	"91061"	"186826"	"1300"	"Streptococcus"	"facultative_anaerobic"
"OTU_97.22697"	"2"	"1239"	"91061"	"186826"	"1300"	"Streptococcus"	"facultative_anaerobic"
"OTU_97.42301"	"2"	"1239"	"91061"	"186826"	"1300"	"Streptococcus"	"facultative_anaerobic"
"OTU_97.34787"	"2"	"1239"	"91061"	"186826"	"1300"	"Streptococcus"	"facultative_anaerobic"
"OTU_97.44950"	"2"	"1239"	"91061"	"186826"	"1300"	"Streptococcus"	"facultative_anaerobic"
"OTU_97.119"	"2"	"1239"	"91061"	"186826"	"1300"	"Streptococcus"	"facultative_anaerobic"
"OTU_97.103"	"2"	"1239"	"91061"	"186826"	"1300"	"Streptococcus"	"facultative_anaerobic"
"OTU_97.13113"	"2"	"1239"	"91061"	"186826"	"1300"	"Streptococcus"	"facultative_anaerobic"
"OTU_97.21594"	"2"	"1239"	"91061"	"186826"	"1300"	"Streptococcus"	"facultative_anaerobic"
"OTU_97.21561"	"2"	"1239"	"91061"	"186826"	"1300"	"Streptococcus"	"facultative_anaerobic"
"OTU_97.37277"	"2"	"1239"	"91061"	"186826"	"1300"	"Streptococcus"	"facultative_anaerobic"
"OTU_97.42114"	"2"	"1239"	"91061"	"186826"	"1300"	"Streptococcus"	"facultative_anaerobic"
"OTU_97.20802"	"2"	"1239"	"91061"	"186826"	"1300"	"Streptococcus"	"facultative_anaerobic"
"OTU_97.34571"	"2"	"1239"	"91061"	"186826"	"1300"	"Streptococcus"	"facultative_anaerobic"
"OTU_97.35058"	"2"	"1239"	"91061"	"186826"	"1300"	"Streptococcus"	"facultative_anaerobic"
"OTU_97.34173"	"2"	"1239"	"91061"	"186826"	"1300"	"Streptococcus"	"facultative_anaerobic"
"OTU_97.42356"	"2"	"1239"	"91061"	"186826"	"1300"	"Streptococcus"	"facultative_anaerobic"
"OTU_97.35347"	"2"	"1239"	"91061"	"186826"	"1300"	"Streptococcus"	"facultative_anaerobic"
"OTU_97.33840"	"2"	"1239"	"91061"	"186826"	"1300"	"Streptococcus"	"facultative_anaerobic"
"OTU_97.42482"	"2"	"1239"	"91061"	"186826"	"1300"	"Streptococcus"	"facultative_anaerobic"
"OTU_97.42074"	"2"	"1239"	"91061"	"186826"	"1300"	"Streptococcus"	"facultative_anaerobic"
"OTU_97.44994"	"2"	"1239"	"91061"	"186826"	"1300"	"Streptococcus"	"facultative_anaerobic"
"OTU_97.37453"	"2"	"1239"	"91061"	"186826"	"1300"	"Streptococcus"	"facultative_anaerobic"
"OTU_97.42457"	"2"	"1239"	"91061"	"186826"	"1300"	"Streptococcus"	"facultative_anaerobic"
"OTU_97.52"	"2"	"976"	"200643"	"171549"	"171551"	"Porphyromonas"	"anaerobic"
"OTU_97.43685"	"2"	"976"	"200643"	"171549"	"171551"	"Porphyromonas"	"anaerobic"
"OTU_97.38230"	"2"	"976"	"200643"	"171549"	"171551"	"Porphyromonas"	"anaerobic"
"OTU_97.43549"	"2"	"976"	"200643"	"171549"	"171551"	"Porphyromonas"	"anaerobic"
"OTU_97.43162"	"2"	"976"	"200643"	"171549"	"171551"	"Porphyromonas"	"anaerobic"
"OTU_97.32873"	"2"	"976"	"200643"	"171549"	"171551"	"Porphyromonas"	"anaerobic"
"OTU_97.43686"	"2"	"976"	"200643"	"171549"	"171551"	"Porphyromonas"	"anaerobic"
"OTU_97.43147"	"2"	"976"	"200643"	"171549"	"171551"	"Porphyromonas"	"anaerobic"
"OTU_97.39651"	"2"	"976"	"200643"	"171549"	"171551"	"Porphyromonas"	"anaerobic"
"OTU_97.40646"	"2"	"976"	"200643"	"171549"	"171551"	"Porphyromonas"	"anaerobic"
"OTU_97.24645"	"2"	"976"	"200643"	"171549"	"171551"	"Porphyromonas"	"anaerobic"
"OTU_97.37186"	"2"	"976"	"200643"	"171549"	"171551"	"Porphyromonas"	"anaerobic"
"OTU_97.38443"	"2"	"976"	"200643"	"171549"	"171551"	"Porphyromonas"	"anaerobic"
"OTU_97.43240"	"2"	"976"	"200643"	"171549"	"171551"	"Porphyromonas"	"anaerobic"
"OTU_97.29249"	"2"	"976"	"200643"	"171549"	"171551"	"Porphyromonas"	"anaerobic"
"OTU_97.5096"	"2"	"976"	"200643"	"171549"	"171551"	"Porphyromonas"	"anaerobic"
"OTU_97.21369"	"2"	"976"	"200643"	"171549"	"171551"	"Porphyromonas"	"anaerobic"
"OTU_97.81"	"2"	"976"	"200643"	"171549"	"171551"	"Porphyromonas"	"anaerobic"
"OTU_97.35745"	"2"	"976"	"200643"	"171549"	"171551"	"Porphyromonas"	"anaerobic"
"OTU_97.6871"	"2"	"976"	"200643"	"171549"	"171551"	"Porphyromonas"	"anaerobic"
"OTU_97.20326"	"2"	"976"	"200643"	"171549"	"171551"	"Porphyromonas"	"anaerobic"
"OTU_97.30684"	"2"	"976"	"200643"	"171549"	"171551"	"Porphyromonas"	"anaerobic"
"OTU_97.28630"	"2"	"976"	"200643"	"171549"	"171551"	"Porphyromonas"	"anaerobic"
"OTU_97.14242"	"2"	"976"	"200643"	"171549"	"171551"	"Porphyromonas"	"anaerobic"
"OTU_97.214"	NA	NA	NA	NA	NA	NA	NA
"OTU_97.202"	"2"	"976"	"117743"	"200644"	"49546"	"Capnocytophaga"	"facultative_anaerobic"
"OTU_97.37932"	"2"	"976"	"117743"	"200644"	"49546"	"Capnocytophaga"	"facultative_anaerobic"
"OTU_97.17117"	"2"	"976"	"117743"	"200644"	"49546"	"Capnocytophaga"	"facultative_anaerobic"
"OTU_97.27156"	"2"	"976"	"117743"	"200644"	"49546"	"Capnocytophaga"	"facultative_anaerobic"
"OTU_97.6434"	"2"	"976"	"117743"	"200644"	"49546"	"Capnocytophaga"	"facultative_anaerobic"
"OTU_97.21554"	"2"	"976"	"117743"	"200644"	"49546"	"Capnocytophaga"	"facultative_anaerobic"
"OTU_97.30381"	"2"	"976"	"117743"	"200644"	"49546"	"Capnocytophaga"	"facultative_anaerobic"
"OTU_97.40123"	"2"	"976"	"117743"	"200644"	"49546"	"Capnocytophaga"	"facultative_anaerobic"
"OTU_97.341"	"2"	"976"	"117743"	"200644"	"49546"	"Capnocytophaga"	"facultative_anaerobic"
"OTU_97.7035"	"2"	"976"	"117743"	"200644"	"49546"	"Capnocytophaga"	"facultative_anaerobic"
"OTU_97.27773"	"2"	"976"	"117743"	"200644"	"49546"	"Capnocytophaga"	"facultative_anaerobic"
"OTU_97.186"	"2"	"976"	"117743"	"200644"	"49546"	"Capnocytophaga"	"facultative_anaerobic"
"OTU_97.5397"	"2"	"976"	"117743"	"200644"	"49546"	"Capnocytophaga"	"facultative_anaerobic"
"OTU_97.16755"	"2"	"976"	"117743"	"200644"	"49546"	"Capnocytophaga"	"facultative_anaerobic"
"OTU_97.32756"	"2"	"976"	"117743"	"200644"	"49546"	"Capnocytophaga"	"facultative_anaerobic"
"OTU_97.35794"	"2"	"976"	"117743"	"200644"	"49546"	"Capnocytophaga"	"facultative_anaerobic"
"OTU_97.43658"	"2"	"976"	"117743"	"200644"	"49546"	"Capnocytophaga"	"facultative_anaerobic"
"OTU_97.19244"	"2"	"976"	"117743"	"200644"	"49546"	"Capnocytophaga"	"facultative_anaerobic"
"OTU_97.43676"	"2"	"976"	"117743"	"200644"	"49546"	"Capnocytophaga"	"facultative_anaerobic"
"OTU_97.29641"	"2"	"976"	"117743"	"200644"	"49546"	"Capnocytophaga"	"facultative_anaerobic"
"OTU_97.36734"	"2"	"976"	"117743"	"200644"	"49546"	"Capnocytophaga"	"facultative_anaerobic"
"OTU_97.1072"	"2"	"976"	"117743"	"200644"	"49546"	"Capnocytophaga"	"facultative_anaerobic"
"OTU_97.31"	"2"	"976"	"117743"	"200644"	"49546"	"Capnocytophaga"	"facultative_anaerobic"
"OTU_97.31235"	"2"	"976"	"117743"	"200644"	"49546"	"Capnocytophaga"	"facultative_anaerobic"
"OTU_97.31079"	"2"	"976"	"117743"	"200644"	"49546"	"Capnocytophaga"	"facultative_anaerobic"
"OTU_97.30180"	"2"	"976"	"117743"	"200644"	"49546"	"Capnocytophaga"	"facultative_anaerobic"
"OTU_97.14702"	"2"	"976"	"117743"	"200644"	"49546"	"Capnocytophaga"	"facultative_anaerobic"
"OTU_97.43326"	"2"	"976"	"117743"	"200644"	"49546"	"Capnocytophaga"	"facultative_anaerobic"
"OTU_97.9796"	"2"	"976"	"117743"	"200644"	"49546"	"Capnocytophaga"	"facultative_anaerobic"
"OTU_97.24695"	"2"	"976"	"117743"	"200644"	"49546"	"Capnocytophaga"	"facultative_anaerobic"
"OTU_97.40289"	"2"	"976"	"117743"	"200644"	"49546"	"Capnocytophaga"	"facultative_anaerobic"
"OTU_97.32063"	"2"	"976"	"117743"	"200644"	"49546"	"Capnocytophaga"	"facultative_anaerobic"
"OTU_97.36643"	"2"	"976"	"117743"	"200644"	"49546"	"Capnocytophaga"	"facultative_anaerobic"
"OTU_97.37689"	"2"	"976"	"117743"	"200644"	"49546"	"Capnocytophaga"	"facultative_anaerobic"
"OTU_97.36487"	"2"	"976"	"117743"	"200644"	"49546"	"Capnocytophaga"	"facultative_anaerobic"
"OTU_97.40138"	"2"	"976"	"117743"	"200644"	"49546"	"Capnocytophaga"	"facultative_anaerobic"
"OTU_97.39156"	"2"	"976"	"117743"	"200644"	"49546"	"Capnocytophaga"	"facultative_anaerobic"
"OTU_97.24871"	"2"	"976"	"117743"	"200644"	"49546"	"Capnocytophaga"	"facultative_anaerobic"
"OTU_97.3496"	"2"	"976"	"117743"	"200644"	"49546"	"Capnocytophaga"	"facultative_anaerobic"
"OTU_97.38634"	"2"	"976"	"117743"	"200644"	"49546"	"Capnocytophaga"	"facultative_anaerobic"
"OTU_97.9318"	"2"	"976"	"117743"	"200644"	"49546"	"Capnocytophaga"	"facultative_anaerobic"
"OTU_97.17605"	"2"	"976"	"117743"	"200644"	"49546"	"Capnocytophaga"	"facultative_anaerobic"
"OTU_97.22802"	"2"	"976"	"117743"	"200644"	"49546"	"Capnocytophaga"	"facultative_anaerobic"
"OTU_97.37040"	"2"	"976"	"117743"	"200644"	"49546"	"Capnocytophaga"	"facultative_anaerobic"
"OTU_97.13159"	"2"	"976"	"117743"	"200644"	"49546"	"Capnocytophaga"	"facultative_anaerobic"
"OTU_97.25028"	"2"	"976"	"117743"	"200644"	"49546"	"Capnocytophaga"	"facultative_anaerobic"
"OTU_97.3921"	"2"	"976"	"117743"	"200644"	"49546"	"Capnocytophaga"	"facultative_anaerobic"
"OTU_97.504"	"2"	"976"	"117743"	"200644"	"49546"	"Capnocytophaga"	"facultative_anaerobic"
"OTU_97.2118"	"2"	"976"	"117743"	"200644"	"49546"	"Capnocytophaga"	"facultative_anaerobic"
"OTU_97.37104"	"2"	"976"	"117743"	"200644"	"49546"	"Capnocytophaga"	"facultative_anaerobic"
"OTU_97.16819"	"2"	"976"	"117743"	"200644"	"49546"	"Capnocytophaga"	"facultative_anaerobic"
"OTU_97.7636"	"2"	"976"	"117743"	"200644"	"49546"	"Capnocytophaga"	"facultative_anaerobic"
"OTU_97.8517"	"2"	"976"	"117743"	"200644"	"49546"	"Capnocytophaga"	"facultative_anaerobic"
"OTU_97.33436"	"2"	"976"	"117743"	"200644"	"49546"	"Capnocytophaga"	"facultative_anaerobic"
"OTU_97.30904"	"2"	"976"	"117743"	"200644"	"49546"	"Capnocytophaga"	"facultative_anaerobic"
"OTU_97.31136"	"2"	"976"	"117743"	"200644"	"49546"	"Capnocytophaga"	"facultative_anaerobic"
"OTU_97.43810"	"2"	"976"	"117743"	"200644"	"49546"	"Capnocytophaga"	"facultative_anaerobic"
"OTU_97.4527"	"2"	"976"	"117743"	"200644"	"49546"	"Capnocytophaga"	"facultative_anaerobic"
"OTU_97.656"	"2"	"976"	"117743"	"200644"	"49546"	"Capnocytophaga"	"facultative_anaerobic"
"OTU_97.39511"	"2"	"976"	"117743"	"200644"	"49546"	"Capnocytophaga"	"facultative_anaerobic"
"OTU_97.36847"	"2"	"976"	"117743"	"200644"	"49546"	"Capnocytophaga"	"facultative_anaerobic"
"OTU_97.37130"	"2"	"976"	"117743"	"200644"	"49546"	"Capnocytophaga"	"facultative_anaerobic"
"OTU_97.16741"	"2"	"976"	"117743"	"200644"	"49546"	"Capnocytophaga"	"facultative_anaerobic"
"OTU_97.27077"	"2"	"976"	"117743"	"200644"	"49546"	"Capnocytophaga"	"facultative_anaerobic"
"OTU_97.44036"	"2"	"976"	"117743"	"200644"	"49546"	"Capnocytophaga"	"facultative_anaerobic"
"OTU_97.29314"	"2"	"976"	"117743"	"200644"	"49546"	"Capnocytophaga"	"facultative_anaerobic"
"OTU_97.46"	"2"	"976"	"117743"	"200644"	"49546"	"Capnocytophaga"	"facultative_anaerobic"
"OTU_97.4769"	"2"	"976"	"117743"	"200644"	"49546"	"Capnocytophaga"	"facultative_anaerobic"
"OTU_97.11084"	"2"	"976"	"117743"	"200644"	"49546"	"Capnocytophaga"	"facultative_anaerobic"
"OTU_97.15034"	"2"	"976"	"117743"	"200644"	"49546"	"Capnocytophaga"	"facultative_anaerobic"
"OTU_97.37362"	"2"	"976"	"117743"	"200644"	"49546"	"Capnocytophaga"	"facultative_anaerobic"
"OTU_97.43201"	"2"	"976"	"117743"	"200644"	"49546"	"Capnocytophaga"	"facultative_anaerobic"
"OTU_97.32912"	"2"	"976"	"117743"	"200644"	"49546"	"Capnocytophaga"	"facultative_anaerobic"
"OTU_97.2976"	"2"	"976"	"117743"	"200644"	"49546"	"Capnocytophaga"	"facultative_anaerobic"
"OTU_97.96"	"2"	"976"	"117743"	"200644"	"49546"	"Capnocytophaga"	"facultative_anaerobic"
"OTU_97.27621"	"2"	"976"	"117743"	"200644"	"49546"	"Capnocytophaga"	"facultative_anaerobic"
"OTU_97.8091"	"2"	"976"	"117743"	"200644"	"49546"	"Capnocytophaga"	"facultative_anaerobic"
"OTU_97.37930"	"2"	"976"	"117743"	"200644"	"49546"	"Capnocytophaga"	"facultative_anaerobic"
"OTU_97.26973"	"2"	"976"	"117743"	"200644"	"49546"	"Capnocytophaga"	"facultative_anaerobic"
"OTU_97.18823"	"2"	"976"	"117743"	"200644"	"49546"	"Capnocytophaga"	"facultative_anaerobic"
"OTU_97.40217"	"2"	"976"	"117743"	"200644"	"49546"	"Capnocytophaga"	"facultative_anaerobic"
"OTU_97.37203"	"2"	"976"	"117743"	"200644"	"49546"	"Capnocytophaga"	"facultative_anaerobic"
"OTU_97.30781"	"2"	"976"	"117743"	"200644"	"49546"	"Capnocytophaga"	"facultative_anaerobic"
"OTU_97.22368"	"2"	"976"	"117743"	"200644"	"49546"	"Capnocytophaga"	"facultative_anaerobic"
"OTU_97.20662"	"2"	"976"	"117743"	"200644"	"49546"	"Capnocytophaga"	"facultative_anaerobic"
"OTU_97.180"	"2"	"976"	"117743"	"200644"	"49546"	"Capnocytophaga"	"facultative_anaerobic"
"OTU_97.37567"	"2"	"976"	"117743"	"200644"	"49546"	"Capnocytophaga"	"facultative_anaerobic"
"OTU_97.32854"	"2"	"976"	"117743"	"200644"	"49546"	"Capnocytophaga"	"facultative_anaerobic"
"OTU_97.4852"	"2"	"976"	"117743"	"200644"	"49546"	"Capnocytophaga"	"facultative_anaerobic"
"OTU_97.10005"	"2"	"976"	"117743"	"200644"	"49546"	"Capnocytophaga"	"facultative_anaerobic"
"OTU_97.4278"	"2"	"976"	"117743"	"200644"	"49546"	"Capnocytophaga"	"facultative_anaerobic"
"OTU_97.27282"	"2"	"976"	"117743"	"200644"	"49546"	"Capnocytophaga"	"facultative_anaerobic"
"OTU_97.5667"	"2"	"976"	"117743"	"200644"	"49546"	"Capnocytophaga"	"facultative_anaerobic"
"OTU_97.171"	"2"	"976"	"117743"	"200644"	"49546"	"Capnocytophaga"	"facultative_anaerobic"
"OTU_97.38506"	"2"	"976"	"117743"	"200644"	"49546"	"Capnocytophaga"	"facultative_anaerobic"
"OTU_97.38568"	"2"	"976"	"117743"	"200644"	"49546"	"Capnocytophaga"	"facultative_anaerobic"
"OTU_97.38971"	"2"	"976"	"117743"	"200644"	"49546"	"Capnocytophaga"	"facultative_anaerobic"
"OTU_97.7625"	"2"	"976"	"117743"	"200644"	"49546"	"Capnocytophaga"	"facultative_anaerobic"
"OTU_97.1693"	"2"	"976"	"117743"	"200644"	"49546"	"Capnocytophaga"	"facultative_anaerobic"
"OTU_97.209"	"2"	"976"	"117743"	"200644"	"49546"	"Capnocytophaga"	"facultative_anaerobic"
"OTU_97.27506"	"2"	"976"	"117743"	"200644"	"49546"	"Capnocytophaga"	"facultative_anaerobic"
"OTU_97.470"	"2"	"976"	"117743"	"200644"	"49546"	"Capnocytophaga"	"facultative_anaerobic"
"OTU_97.4046"	"2"	"976"	"117743"	"200644"	"49546"	"Capnocytophaga"	"facultative_anaerobic"
"OTU_97.15508"	"2"	"976"	"117743"	"200644"	"49546"	"Capnocytophaga"	"facultative_anaerobic"
"OTU_97.17651"	"2"	"976"	"117743"	"200644"	"49546"	"Capnocytophaga"	"facultative_anaerobic"
"OTU_97.2911"	"2"	"976"	"117743"	"200644"	"49546"	"Capnocytophaga"	"facultative_anaerobic"
"OTU_97.36"	"2"	"976"	"117743"	"200644"	"49546"	"Capnocytophaga"	"facultative_anaerobic"
"OTU_97.784"	"2"	"976"	"117743"	"200644"	"49546"	"Capnocytophaga"	"facultative_anaerobic"
"OTU_97.38496"	"2"	"976"	"117743"	"200644"	"49546"	"Capnocytophaga"	"facultative_anaerobic"
"OTU_97.17813"	"2"	"976"	"117743"	"200644"	"49546"	"Capnocytophaga"	"facultative_anaerobic"
"OTU_97.335"	"2"	"976"	"117743"	"200644"	"49546"	"Capnocytophaga"	"facultative_anaerobic"
"OTU_97.4331"	"2"	"976"	"117743"	"200644"	"49546"	"Capnocytophaga"	"facultative_anaerobic"
"OTU_97.36830"	"2"	"976"	"117743"	"200644"	"49546"	"Capnocytophaga"	"facultative_anaerobic"
"OTU_97.29286"	"2"	"976"	"117743"	"200644"	"49546"	"Capnocytophaga"	"facultative_anaerobic"
"OTU_97.9966"	"2"	"976"	"117743"	"200644"	"49546"	"Capnocytophaga"	"facultative_anaerobic"
"OTU_97.43192"	"2"	"976"	"117743"	"200644"	"49546"	"Capnocytophaga"	"facultative_anaerobic"
"OTU_97.8617"	"2"	"976"	"117743"	"200644"	"49546"	"Capnocytophaga"	"facultative_anaerobic"
"OTU_97.14358"	"2"	"976"	"117743"	"200644"	"49546"	"Capnocytophaga"	"facultative_anaerobic"
"OTU_97.43627"	"2"	"976"	"117743"	"200644"	"49546"	"Capnocytophaga"	"facultative_anaerobic"
"OTU_97.11879"	"2"	"976"	"117743"	"200644"	"49546"	"Capnocytophaga"	"facultative_anaerobic"
"OTU_97.29029"	"2"	"976"	"117743"	"200644"	"49546"	"Capnocytophaga"	"facultative_anaerobic"
"OTU_97.43528"	NA	NA	NA	NA	NA	NA	NA
"OTU_97.13074"	NA	NA	NA	NA	NA	NA	NA
"OTU_97.38628"	NA	NA	NA	NA	NA	NA	NA
"OTU_97.39365"	NA	NA	NA	NA	NA	NA	NA
"OTU_97.29976"	NA	NA	NA	NA	NA	NA	NA
"OTU_97.32295"	NA	NA	NA	NA	NA	NA	NA
"OTU_97.57"	NA	NA	NA	NA	NA	NA	NA
"OTU_97.143"	NA	NA	NA	NA	NA	NA	NA
"OTU_97.8663"	NA	NA	NA	NA	NA	NA	NA
"OTU_97.15438"	NA	NA	NA	NA	NA	NA	NA
"OTU_97.40159"	NA	NA	NA	NA	NA	NA	NA
"OTU_97.27897"	NA	NA	NA	NA	NA	NA	NA
"OTU_97.43152"	NA	NA	NA	NA	NA	NA	NA
"OTU_97.38908"	NA	NA	NA	NA	NA	NA	NA
"OTU_97.28342"	NA	NA	NA	NA	NA	NA	NA
"OTU_97.99"	"2"	"976"	"200643"	"171549"	"171551"	"Porphyromonas"	"anaerobic"
"OTU_97.813"	"2"	"976"	"200643"	"171549"	"171551"	"Porphyromonas"	"anaerobic"
"OTU_97.170"	"2"	"976"	"200643"	"171549"	"2005525"	"Tannerella"	"anaerobic"
"OTU_97.241"	"2"	"976"	"200643"	"171549"	"2005525"	"Tannerella"	"anaerobic"
"OTU_97.86"	"2"	"976"	"200643"	"171549"	"171552"	"Prevotella"	"anaerobic"
"OTU_97.10278"	"2"	"976"	"200643"	"171549"	"171552"	"Prevotella"	"anaerobic"
"OTU_97.14500"	"2"	"976"	"200643"	"171549"	"171552"	"Prevotella"	"anaerobic"
"OTU_97.40055"	"2"	"976"	"200643"	"171549"	"171552"	"Prevotella"	"anaerobic"
"OTU_97.29558"	"2"	"976"	"200643"	"171549"	"171552"	"Prevotella"	"anaerobic"
"OTU_97.25199"	"2"	"976"	"200643"	"171549"	"171552"	"Prevotella"	"anaerobic"
"OTU_97.144"	"2"	"976"	"200643"	"171549"	"171552"	"Prevotella"	"anaerobic"
"OTU_97.12494"	"2"	"976"	"200643"	"171549"	"171552"	"Prevotella"	"anaerobic"
"OTU_97.20304"	"2"	"976"	"200643"	"171549"	"171552"	"Prevotella"	"anaerobic"
"OTU_97.7711"	"2"	"976"	"200643"	"171549"	"171552"	"Prevotella"	"anaerobic"
"OTU_97.8462"	"2"	"976"	"200643"	"171549"	"171552"	"Prevotella"	"anaerobic"
"OTU_97.40649"	"2"	"976"	"200643"	"171549"	"171552"	"Prevotella"	"anaerobic"
"OTU_97.38338"	"2"	"976"	"200643"	"171549"	"171552"	"Prevotella"	"anaerobic"
"OTU_97.32259"	"2"	"976"	"200643"	"171549"	"171552"	"Prevotella"	"anaerobic"
"OTU_97.32541"	"2"	"976"	"200643"	"171549"	"171552"	"Prevotella"	"anaerobic"
"OTU_97.25080"	"2"	"976"	"200643"	"171549"	"171552"	"Prevotella"	"anaerobic"
"OTU_97.37196"	"2"	"976"	"200643"	"171549"	"171552"	"Prevotella"	"anaerobic"
"OTU_97.39405"	"2"	"976"	"200643"	"171549"	"171552"	"Prevotella"	"anaerobic"
"OTU_97.36206"	"2"	"976"	"200643"	"171549"	"171552"	"Prevotella"	"anaerobic"
"OTU_97.104"	"2"	"976"	"200643"	"171549"	"171552"	"Prevotella"	"anaerobic"
"OTU_97.15628"	"2"	"976"	"200643"	"171549"	"171552"	"Prevotella"	"anaerobic"
"OTU_97.33608"	"2"	"976"	"200643"	"171549"	"171552"	"Prevotella"	"anaerobic"
"OTU_97.39075"	"2"	"976"	"200643"	"171549"	"171552"	"Prevotella"	"anaerobic"
"OTU_97.27201"	"2"	"976"	"200643"	"171549"	"171552"	"Prevotella"	"anaerobic"
"OTU_97.29354"	"2"	"976"	"200643"	"171549"	"171552"	"Prevotella"	"anaerobic"
"OTU_97.17482"	"2"	"976"	"200643"	"171549"	"171552"	"Prevotella"	"anaerobic"
"OTU_97.13268"	"2"	"976"	"200643"	"171549"	"171552"	"Prevotella"	"anaerobic"
"OTU_97.35210"	"2"	"976"	"200643"	"171549"	"171552"	"Prevotella"	"anaerobic"
"OTU_97.39846"	"2"	"976"	"200643"	"171549"	"171552"	"Prevotella"	"anaerobic"
"OTU_97.38639"	"2"	"976"	"200643"	"171549"	"171552"	"Prevotella"	"anaerobic"
"OTU_97.40598"	"2"	"976"	"200643"	"171549"	"171552"	"Prevotella"	"anaerobic"
"OTU_97.37491"	"2"	"976"	"200643"	"171549"	"171552"	"Prevotella"	"anaerobic"
"OTU_97.804"	"2"	"976"	"200643"	"171549"	"171552"	"Prevotella"	"anaerobic"
"OTU_97.331"	"2"	"976"	"200643"	"171549"	"171552"	"Prevotella"	"anaerobic"
"OTU_97.127"	"2"	"976"	"200643"	"171549"	"171552"	"Prevotella"	"anaerobic"
"OTU_97.38633"	"2"	"976"	"200643"	"171549"	"171552"	"Prevotella"	"anaerobic"
"OTU_97.25963"	"2"	"976"	"200643"	"171549"	"171552"	"Prevotella"	"anaerobic"
"OTU_97.30058"	"2"	"976"	"200643"	"171549"	"171552"	"Prevotella"	"anaerobic"
"OTU_97.11904"	"2"	"976"	"200643"	"171549"	"171552"	"Prevotella"	"anaerobic"
"OTU_97.63"	"2"	"976"	"200643"	"171549"	"171552"	"Prevotella"	"anaerobic"
"OTU_97.36741"	"2"	"976"	"200643"	"171549"	"171552"	"Prevotella"	"anaerobic"
"OTU_97.6135"	"2"	"976"	"200643"	"171549"	"171552"	"Prevotella"	"anaerobic"
"OTU_97.10169"	"2"	"976"	"200643"	"171549"	"171552"	"Prevotella"	"anaerobic"
"OTU_97.43655"	"2"	"976"	"200643"	"171549"	"171552"	"Prevotella"	"anaerobic"
"OTU_97.33589"	"2"	"976"	"200643"	"171549"	"171552"	"Prevotella"	"anaerobic"
"OTU_97.65"	"2"	"976"	"200643"	"171549"	"171552"	"Prevotella"	"anaerobic"
"OTU_97.35811"	"2"	"976"	"200643"	"171549"	"171552"	"Prevotella"	"anaerobic"
"OTU_97.31246"	"2"	"976"	"200643"	"171549"	"171552"	"Prevotella"	"anaerobic"
"OTU_97.43542"	"2"	"976"	"200643"	"171549"	"171552"	"Prevotella"	"anaerobic"
"OTU_97.36199"	"2"	"976"	"200643"	"171549"	"171552"	"Prevotella"	"anaerobic"
"OTU_97.17016"	"2"	"976"	"200643"	"171549"	"171552"	"Prevotella"	"anaerobic"
"OTU_97.14954"	"2"	"976"	"200643"	"171549"	"171552"	"Prevotella"	"anaerobic"
"OTU_97.572"	"2"	"976"	"200643"	"171549"	"171552"	"Prevotella"	"anaerobic"
"OTU_97.137"	"2"	"976"	"200643"	"171549"	"171552"	"Prevotella"	"anaerobic"
"OTU_97.16182"	"2"	"976"	"200643"	"171549"	"171552"	"Prevotella"	"anaerobic"
"OTU_97.17936"	NA	NA	NA	NA	NA	NA	NA
"OTU_97.1529"	NA	NA	NA	NA	NA	NA	NA
"OTU_97.5976"	NA	NA	NA	NA	NA	NA	NA
"OTU_97.15711"	NA	NA	NA	NA	NA	NA	NA
"OTU_97.38789"	NA	NA	NA	NA	NA	NA	NA
"OTU_97.131"	NA	NA	NA	NA	NA	NA	NA
"OTU_97.467"	"2"	"544448"	"31969"	"2085"	"2092"	"Mycoplasma"	"facultative_anaerobic"
"OTU_97.210"	NA	NA	NA	NA	NA	NA	NA
"OTU_97.176"	"2"	"1239"	"186801"	"186802"	"186806"	"Eubacterium"	NA
"OTU_97.92"	"2"	"1239"	"186801"	"186802"	"186804"	"Peptostreptococcus"	"anaerobic"
"OTU_97.4164"	NA	NA	NA	NA	NA	NA	NA
"OTU_97.45085"	NA	NA	NA	NA	NA	NA	NA
"OTU_97.4921"	NA	NA	NA	NA	NA	NA	NA
"OTU_97.30479"	NA	NA	NA	NA	NA	NA	NA
"OTU_97.2284"	NA	NA	NA	NA	NA	NA	NA
"OTU_97.23799"	NA	NA	NA	NA	NA	NA	NA
"OTU_97.10081"	NA	NA	NA	NA	NA	NA	NA
"OTU_97.107"	NA	NA	NA	NA	NA	NA	NA
"OTU_97.53"	NA	NA	NA	NA	NA	NA	NA
"OTU_97.11855"	NA	NA	NA	NA	NA	NA	NA
"OTU_97.15634"	NA	NA	NA	NA	NA	NA	NA
"OTU_97.519"	"2"	"1239"	"186801"	"186802"	"186803"	"Johnsonella"	"anaerobic"
"OTU_97.954"	NA	NA	NA	NA	NA	NA	NA
"OTU_97.226"	NA	NA	NA	NA	NA	NA	NA
"OTU_97.32892"	NA	NA	NA	NA	NA	NA	NA
"OTU_97.38219"	"2"	"1239"	"186801"	"186802"	"186803"	"Catonella"	"anaerobic"
"OTU_97.538"	NA	NA	NA	NA	NA	NA	NA
"OTU_97.9260"	"2"	"201174"	"1760"	"85009"	"31957"	"Propionibacterium"	"anaerobic"
"OTU_97.178"	"2"	"201174"	"1760"	"85009"	"31957"	"Propionibacterium"	"anaerobic"
"OTU_97.2585"	"2"	"201174"	"1760"	"85009"	"31957"	"Propionibacterium"	"anaerobic"
"OTU_97.23110"	"2"	"201174"	"1760"	"85009"	"31957"	"Propionibacterium"	"anaerobic"
"OTU_97.25559"	"2"	"201174"	"1760"	"85009"	"31957"	"Propionibacterium"	"anaerobic"
"OTU_97.6407"	"2"	"201174"	"1760"	"85009"	"31957"	"Propionibacterium"	"anaerobic"
"OTU_97.169"	"2"	"201174"	"1760"	"85009"	"31957"	"Propionibacterium"	"anaerobic"
"OTU_97.43452"	"2"	"201174"	"1760"	"85009"	"31957"	"Propionibacterium"	"anaerobic"
"OTU_97.44645"	"2"	"201174"	"1760"	"85006"	"1268"	"Rothia"	"facultative_anaerobic"
"OTU_97.7264"	"2"	"201174"	"1760"	"85006"	"1268"	"Rothia"	"facultative_anaerobic"
"OTU_97.22980"	"2"	"201174"	"1760"	"85006"	"1268"	"Rothia"	"facultative_anaerobic"
"OTU_97.1654"	"2"	"201174"	"1760"	"85006"	"1268"	"Rothia"	"facultative_anaerobic"
"OTU_97.19159"	"2"	"201174"	"1760"	"85006"	"1268"	"Rothia"	"facultative_anaerobic"
"OTU_97.21528"	"2"	"201174"	"1760"	"85006"	"1268"	"Rothia"	"facultative_anaerobic"
"OTU_97.39733"	"2"	"201174"	"1760"	"85006"	"1268"	"Rothia"	"facultative_anaerobic"
"OTU_97.5274"	"2"	"201174"	"1760"	"85006"	"1268"	"Rothia"	"facultative_anaerobic"
"OTU_97.12942"	"2"	"201174"	"1760"	"85006"	"1268"	"Rothia"	"facultative_anaerobic"
"OTU_97.8387"	"2"	"201174"	"1760"	"85006"	"1268"	"Rothia"	"facultative_anaerobic"
"OTU_97.11681"	"2"	"201174"	"1760"	"85006"	"1268"	"Rothia"	"facultative_anaerobic"
"OTU_97.19599"	"2"	"201174"	"1760"	"85006"	"1268"	"Rothia"	"facultative_anaerobic"
"OTU_97.12653"	"2"	"201174"	"1760"	"85006"	"1268"	"Rothia"	"facultative_anaerobic"
"OTU_97.9301"	"2"	"201174"	"1760"	"85006"	"1268"	"Rothia"	"facultative_anaerobic"
"OTU_97.34204"	"2"	"201174"	"1760"	"85006"	"1268"	"Rothia"	"facultative_anaerobic"
"OTU_97.39720"	"2"	"201174"	"1760"	"85006"	"1268"	"Rothia"	"facultative_anaerobic"
"OTU_97.30516"	"2"	"201174"	"1760"	"85006"	"1268"	"Rothia"	"facultative_anaerobic"
"OTU_97.9051"	"2"	"201174"	"1760"	"85006"	"1268"	"Rothia"	"facultative_anaerobic"
"OTU_97.18536"	"2"	"201174"	"1760"	"85006"	"1268"	"Rothia"	"facultative_anaerobic"
"OTU_97.5070"	"2"	"201174"	"1760"	"85006"	"1268"	"Rothia"	"facultative_anaerobic"
"OTU_97.30"	"2"	"201174"	"1760"	"85006"	"1268"	"Rothia"	"facultative_anaerobic"
"OTU_97.172"	"2"	"201174"	"1760"	"85006"	"1268"	"Rothia"	"facultative_anaerobic"
"OTU_97.33601"	"2"	"201174"	"1760"	"85006"	"1268"	"Rothia"	"facultative_anaerobic"
"OTU_97.43338"	"2"	"201174"	"1760"	"85006"	"1268"	"Rothia"	"facultative_anaerobic"
"OTU_97.16086"	"2"	"201174"	"1760"	"85006"	"1268"	"Rothia"	"facultative_anaerobic"
"OTU_97.1713"	"2"	"201174"	"1760"	"85006"	"1268"	"Rothia"	"facultative_anaerobic"
"OTU_97.20539"	"2"	"201174"	"1760"	"85006"	"1268"	"Rothia"	"facultative_anaerobic"
"OTU_97.899"	"2"	"201174"	"1760"	"85006"	"1268"	"Rothia"	"facultative_anaerobic"
"OTU_97.32"	"2"	"201174"	"1760"	"85006"	"1268"	"Rothia"	"facultative_anaerobic"
"OTU_97.40223"	"2"	"201174"	"1760"	"85006"	"1268"	"Rothia"	"facultative_anaerobic"
"OTU_97.41572"	"2"	"201174"	"1760"	"85007"	"1653"	"Corynebacterium"	"aerobic"
"OTU_97.40788"	"2"	"201174"	"1760"	"85007"	"1653"	"Corynebacterium"	"aerobic"
"OTU_97.45194"	"2"	"201174"	"1760"	"85007"	"1653"	"Corynebacterium"	"aerobic"
"OTU_97.31516"	"2"	"201174"	"1760"	"85007"	"1653"	"Corynebacterium"	"aerobic"
"OTU_97.45181"	"2"	"201174"	"1760"	"85007"	"1653"	"Corynebacterium"	"aerobic"
"OTU_97.58"	"2"	"201174"	"1760"	"85007"	"1653"	"Corynebacterium"	"aerobic"
"OTU_97.35103"	"2"	"201174"	"1760"	"85007"	"1653"	"Corynebacterium"	"aerobic"
"OTU_97.35082"	"2"	"201174"	"1760"	"85007"	"1653"	"Corynebacterium"	"aerobic"
"OTU_97.41517"	"2"	"201174"	"1760"	"85007"	"1653"	"Corynebacterium"	"aerobic"
"OTU_97.32630"	"2"	"201174"	"1760"	"85007"	"1653"	"Corynebacterium"	"aerobic"
"OTU_97.45105"	"2"	"201174"	"1760"	"85007"	"1653"	"Corynebacterium"	"aerobic"
"OTU_97.44480"	"2"	"201174"	"1760"	"85007"	"1653"	"Corynebacterium"	"aerobic"
"OTU_97.44391"	"2"	"201174"	"1760"	"85007"	"1653"	"Corynebacterium"	"aerobic"
"OTU_97.2091"	"2"	"201174"	"1760"	"85007"	"1653"	"Corynebacterium"	"aerobic"
"OTU_97.45016"	"2"	"201174"	"1760"	"85007"	"1653"	"Corynebacterium"	"aerobic"
"OTU_97.35067"	"2"	"201174"	"1760"	"85007"	"1653"	"Corynebacterium"	"aerobic"
"OTU_97.44684"	"2"	"201174"	"1760"	"85007"	"1653"	"Corynebacterium"	"aerobic"
"OTU_97.24887"	"2"	"201174"	"1760"	"85007"	"1653"	"Corynebacterium"	"aerobic"
"OTU_97.44919"	"2"	"201174"	"1760"	"85007"	"1653"	"Corynebacterium"	"aerobic"
"OTU_97.44748"	"2"	"201174"	"1760"	"85007"	"1653"	"Corynebacterium"	"aerobic"
"OTU_97.45379"	"2"	"201174"	"1760"	"85007"	"1653"	"Corynebacterium"	"aerobic"
"OTU_97.44367"	"2"	"201174"	"1760"	"85007"	"1653"	"Corynebacterium"	"aerobic"
"OTU_97.45108"	"2"	"201174"	"1760"	"85007"	"1653"	"Corynebacterium"	"aerobic"
"OTU_97.45118"	"2"	"201174"	"1760"	"85007"	"1653"	"Corynebacterium"	"aerobic"
"OTU_97.17711"	"2"	"201174"	"1760"	"85007"	"1653"	"Corynebacterium"	"aerobic"
"OTU_97.18634"	"2"	"201174"	"1760"	"85007"	"1653"	"Corynebacterium"	"aerobic"
"OTU_97.31156"	"2"	"201174"	"1760"	"85007"	"1653"	"Corynebacterium"	"aerobic"
"OTU_97.25961"	"2"	"201174"	"1760"	"85007"	"1653"	"Corynebacterium"	"aerobic"
"OTU_97.30979"	"2"	"201174"	"1760"	"85007"	"1653"	"Corynebacterium"	"aerobic"
"OTU_97.44264"	"2"	"201174"	"1760"	"85007"	"1653"	"Corynebacterium"	"aerobic"
"OTU_97.24735"	"2"	"201174"	"1760"	"85007"	"1653"	"Corynebacterium"	"aerobic"
"OTU_97.25157"	"2"	"201174"	"1760"	"85007"	"1653"	"Corynebacterium"	"aerobic"
"OTU_97.45020"	"2"	"201174"	"1760"	"85007"	"1653"	"Corynebacterium"	"aerobic"
"OTU_97.13385"	"2"	"201174"	"1760"	"85007"	"1653"	"Corynebacterium"	"aerobic"
"OTU_97.44582"	"2"	"201174"	"1760"	"85007"	"1653"	"Corynebacterium"	"aerobic"
"OTU_97.44084"	"2"	"201174"	"1760"	"85007"	"1653"	"Corynebacterium"	"aerobic"
"OTU_97.44279"	"2"	"201174"	"1760"	"85007"	"1653"	"Corynebacterium"	"aerobic"
"OTU_97.44337"	"2"	"201174"	"1760"	"85007"	"1653"	"Corynebacterium"	"aerobic"
"OTU_97.35394"	"2"	"201174"	"1760"	"85007"	"1653"	"Corynebacterium"	"aerobic"
"OTU_97.8581"	"2"	"201174"	"1760"	"85007"	"1653"	"Corynebacterium"	"aerobic"
"OTU_97.24304"	"2"	"201174"	"1760"	"85007"	"1653"	"Corynebacterium"	"aerobic"
"OTU_97.5542"	"2"	"201174"	"1760"	"85007"	"1653"	"Corynebacterium"	"aerobic"
"OTU_97.1270"	"2"	"201174"	"1760"	"85007"	"1653"	"Corynebacterium"	"aerobic"
"OTU_97.44524"	"2"	"201174"	"1760"	"85007"	"1653"	"Corynebacterium"	"aerobic"
"OTU_97.16170"	"2"	"201174"	"1760"	"85007"	"1653"	"Corynebacterium"	"aerobic"
"OTU_97.34695"	"2"	"201174"	"1760"	"85007"	"1653"	"Corynebacterium"	"aerobic"
"OTU_97.7106"	"2"	"201174"	"1760"	"85007"	"1653"	"Corynebacterium"	"aerobic"
"OTU_97.45"	"2"	"201174"	"1760"	"85007"	"1653"	"Corynebacterium"	"aerobic"
"OTU_97.27097"	"2"	"201174"	"1760"	"85007"	"1653"	"Corynebacterium"	"aerobic"
"OTU_97.3273"	"2"	"201174"	"1760"	"85007"	"1653"	"Corynebacterium"	"aerobic"
"OTU_97.26013"	"2"	"201174"	"1760"	"85007"	"1653"	"Corynebacterium"	"aerobic"
"OTU_97.2896"	"2"	"201174"	"1760"	"85007"	"1653"	"Corynebacterium"	"aerobic"
"OTU_97.32318"	"2"	"201174"	"1760"	"85007"	"1653"	"Corynebacterium"	"aerobic"
"OTU_97.39827"	"2"	"201174"	"1760"	"85007"	"1653"	"Corynebacterium"	"aerobic"
"OTU_97.30739"	"2"	"201174"	"1760"	"85007"	"1653"	"Corynebacterium"	"aerobic"
"OTU_97.3936"	"2"	"201174"	"1760"	"85007"	"1653"	"Corynebacterium"	"aerobic"
"OTU_97.3208"	"2"	"201174"	"1760"	"85007"	"1653"	"Corynebacterium"	"aerobic"
"OTU_97.10007"	"2"	"201174"	"1760"	"85007"	"1653"	"Corynebacterium"	"aerobic"
"OTU_97.372"	"2"	"201174"	"1760"	"2037"	"2049"	"Actinomyces"	"anaerobic"
"OTU_97.30043"	"2"	"201174"	"1760"	"2037"	"2049"	"Actinomyces"	"anaerobic"
"OTU_97.3706"	NA	NA	NA	NA	NA	NA	NA
"OTU_97.12573"	"2"	"201174"	"1760"	"2037"	"2049"	"Actinomyces"	"anaerobic"
"OTU_97.12543"	NA	NA	NA	NA	NA	NA	NA
"OTU_97.41909"	NA	NA	NA	NA	NA	NA	NA
"OTU_97.609"	"2"	"201174"	"1760"	"2037"	"2049"	"Actinomyces"	"anaerobic"
"OTU_97.1246"	"2"	"201174"	"1760"	"2037"	"2049"	"Actinomyces"	"anaerobic"
"OTU_97.10823"	"2"	"201174"	"1760"	"2037"	"2049"	"Actinomyces"	"anaerobic"
"OTU_97.16133"	"2"	"201174"	"1760"	"2037"	"2049"	"Actinomyces"	"anaerobic"
"OTU_97.130"	"2"	"201174"	"1760"	"2037"	"2049"	"Actinomyces"	"anaerobic"
"OTU_97.5211"	"2"	"201174"	"1760"	"2037"	"2049"	"Actinomyces"	"anaerobic"
"OTU_97.14750"	"2"	"201174"	"1760"	"2037"	"2049"	"Actinomyces"	"anaerobic"
"OTU_97.828"	"2"	"201174"	"1760"	"2037"	"2049"	"Actinomyces"	"anaerobic"
"OTU_97.16375"	"2"	"201174"	"1760"	"2037"	"2049"	"Actinomyces"	"anaerobic"
"OTU_97.15856"	"2"	"201174"	"1760"	"2037"	"2049"	"Actinomyces"	"anaerobic"
"OTU_97.44718"	"2"	"201174"	"1760"	"2037"	"2049"	"Actinomyces"	"anaerobic"
"OTU_97.15"	"2"	"201174"	"1760"	"2037"	"2049"	"Actinomyces"	"anaerobic"
"OTU_97.42022"	"2"	"201174"	"1760"	"2037"	"2049"	"Actinomyces"	"anaerobic"
"OTU_97.41606"	"2"	"201174"	"1760"	"2037"	"2049"	"Actinomyces"	"anaerobic"
"OTU_97.10006"	"2"	"201174"	"1760"	"2037"	"2049"	"Actinomyces"	"anaerobic"
"OTU_97.25261"	"2"	"201174"	"1760"	"2037"	"2049"	"Actinomyces"	"anaerobic"
"OTU_97.31446"	"2"	"201174"	"1760"	"2037"	"2049"	"Actinomyces"	"anaerobic"
"OTU_97.14439"	"2"	"201174"	"1760"	"2037"	"2049"	"Actinomyces"	"anaerobic"
"OTU_97.3479"	"2"	"201174"	"1760"	"2037"	"2049"	"Actinomyces"	"anaerobic"
"OTU_97.2114"	"2"	"201174"	"1760"	"2037"	"2049"	"Actinomyces"	"anaerobic"
"OTU_97.13955"	"2"	"201174"	"1760"	"2037"	"2049"	"Actinomyces"	"anaerobic"
"OTU_97.40948"	"2"	"201174"	"1760"	"2037"	"2049"	"Actinomyces"	"anaerobic"
"OTU_97.2820"	"2"	"201174"	"1760"	"2037"	"2049"	"Actinomyces"	"anaerobic"
"OTU_97.28345"	"2"	"201174"	"1760"	"2037"	"2049"	"Actinomyces"	"anaerobic"
"OTU_97.14891"	"2"	"201174"	"1760"	"2037"	"2049"	"Actinomyces"	"anaerobic"
"OTU_97.34450"	"2"	"201174"	"1760"	"2037"	"2049"	"Actinomyces"	"anaerobic"
"OTU_97.41422"	"2"	"201174"	"1760"	"2037"	"2049"	"Actinomyces"	"anaerobic"
"OTU_97.3744"	"2"	"201174"	"1760"	"2037"	"2049"	"Actinomyces"	"anaerobic"
"OTU_97.30075"	"2"	"201174"	"1760"	"2037"	"2049"	"Actinomyces"	"anaerobic"
"OTU_97.30306"	"2"	"201174"	"1760"	"2037"	"2049"	"Actinomyces"	"anaerobic"
"OTU_97.41453"	"2"	"201174"	"1760"	"2037"	"2049"	"Actinomyces"	"anaerobic"
"OTU_97.640"	"2"	"201174"	"1760"	"2037"	"2049"	"Actinomyces"	"anaerobic"
"OTU_97.26859"	"2"	"201174"	"1760"	"2037"	"2049"	"Actinomyces"	"anaerobic"
"OTU_97.41127"	"2"	"201174"	"1760"	"2037"	"2049"	"Actinomyces"	"anaerobic"
"OTU_97.42031"	"2"	"201174"	"1760"	"2037"	"2049"	"Actinomyces"	"anaerobic"
"OTU_97.23436"	"2"	"201174"	"1760"	"2037"	"2049"	"Actinomyces"	"anaerobic"
"OTU_97.24517"	"2"	"201174"	"1760"	"2037"	"2049"	"Actinomyces"	"anaerobic"
"OTU_97.35185"	"2"	"201174"	"1760"	"2037"	"2049"	"Actinomyces"	"anaerobic"
"OTU_97.4212"	"2"	"201174"	"1760"	"2037"	"2049"	"Actinomyces"	"anaerobic"
"OTU_97.18576"	"2"	"201174"	"1760"	"2037"	"2049"	"Actinomyces"	"anaerobic"
"OTU_97.42236"	"2"	"201174"	"1760"	"2037"	"2049"	"Actinomyces"	"anaerobic"
"OTU_97.1590"	"2"	"201174"	"1760"	"2037"	"2049"	"Actinomyces"	"anaerobic"
"OTU_97.844"	"2"	"201174"	"1760"	"2037"	"2049"	"Actinomyces"	"anaerobic"
"OTU_97.2742"	"2"	"201174"	"1760"	"2037"	"2049"	"Actinomyces"	"anaerobic"
"OTU_97.190"	"2"	"201174"	"1760"	"2037"	"2049"	"Actinomyces"	"anaerobic"
"OTU_97.30774"	"2"	"201174"	"1760"	"2037"	"2049"	"Actinomyces"	"anaerobic"
"OTU_97.25316"	"2"	"201174"	"1760"	"2037"	"2049"	"Actinomyces"	"anaerobic"
"OTU_97.42390"	"2"	"201174"	"1760"	"2037"	"2049"	"Actinomyces"	"anaerobic"
"OTU_97.13388"	"2"	"201174"	"1760"	"2037"	"2049"	"Actinomyces"	"anaerobic"
"OTU_97.7748"	"2"	"201174"	"1760"	"2037"	"2049"	"Actinomyces"	"anaerobic"
"OTU_97.13114"	"2"	"201174"	"1760"	"2037"	"2049"	"Actinomyces"	"anaerobic"
"OTU_97.3998"	"2"	"201174"	"1760"	"2037"	"2049"	"Actinomyces"	"anaerobic"
"OTU_97.8800"	"2"	"201174"	"1760"	"2037"	"2049"	"Actinomyces"	"anaerobic"
"OTU_97.9004"	"2"	"201174"	"1760"	"2037"	"2049"	"Actinomyces"	"anaerobic"
"OTU_97.29540"	"2"	"201174"	"1760"	"2037"	"2049"	"Actinomyces"	"anaerobic"
"OTU_97.44394"	"2"	"201174"	"1760"	"2037"	"2049"	"Actinomyces"	"anaerobic"
"OTU_97.40978"	"2"	"201174"	"1760"	"2037"	"2049"	"Actinomyces"	"anaerobic"
"OTU_97.1211"	"2"	"201174"	"1760"	"2037"	"2049"	"Actinomyces"	"anaerobic"
"OTU_97.20234"	"2"	"201174"	"1760"	"2037"	"2049"	"Actinomyces"	"anaerobic"
"OTU_97.29966"	"2"	"201174"	"1760"	"2037"	"2049"	"Actinomyces"	"anaerobic"
"OTU_97.32050"	"2"	"201174"	"1760"	"2037"	"2049"	"Actinomyces"	"anaerobic"
"OTU_97.45106"	"2"	"201174"	"1760"	"2037"	"2049"	"Actinomyces"	"anaerobic"
"OTU_97.220"	"2"	"201174"	"1760"	"2037"	"2049"	"Actinomyces"	"anaerobic"
"OTU_97.35136"	"2"	"201174"	"1760"	"2037"	"2049"	"Actinomyces"	"anaerobic"
"OTU_97.33789"	"2"	"201174"	"1760"	"2037"	"2049"	"Actinomyces"	"anaerobic"
"OTU_97.9991"	"2"	"201174"	"1760"	"2037"	"2049"	"Actinomyces"	"anaerobic"
"OTU_97.34345"	"2"	"201174"	"1760"	"2037"	"2049"	"Actinomyces"	"anaerobic"
"OTU_97.35009"	"2"	"201174"	"1760"	"2037"	"2049"	"Actinomyces"	"anaerobic"
"OTU_97.7666"	"2"	"201174"	"1760"	"2037"	"2049"	"Actinomyces"	"anaerobic"
"OTU_97.109"	"2"	"201174"	"1760"	"2037"	"2049"	"Actinomyces"	"anaerobic"
"OTU_97.35040"	"2"	"201174"	"1760"	"2037"	"2049"	"Actinomyces"	"anaerobic"
"OTU_97.10649"	"2"	"201174"	"1760"	"2037"	"2049"	"Actinomyces"	"anaerobic"
"OTU_97.1697"	"2"	"201174"	"1760"	"2037"	"2049"	"Actinomyces"	"anaerobic"
"OTU_97.45279"	"2"	"201174"	"1760"	"2037"	"2049"	"Actinomyces"	"anaerobic"
"OTU_97.10672"	"2"	"201174"	"1760"	"2037"	"2049"	"Actinomyces"	"anaerobic"
"OTU_97.26091"	"2"	"201174"	"1760"	"2037"	"2049"	"Actinomyces"	"anaerobic"
"OTU_97.806"	"2"	"201174"	"1760"	"2037"	"2049"	"Actinomyces"	"anaerobic"
"OTU_97.31508"	"2"	"201174"	"1760"	"85004"	"31953"	"Scardovia"	"anaerobic"
"OTU_97.41593"	"2"	"201174"	"1760"	"2037"	"2049"	"Actinomyces"	"anaerobic"
"OTU_97.44798"	"2"	"201174"	"1760"	"2037"	"2049"	"Actinomyces"	"anaerobic"
"OTU_97.10732"	"2"	"201174"	"1760"	"2037"	"2049"	"Actinomyces"	"anaerobic"
"OTU_97.25839"	"2"	"201174"	"1760"	"2037"	"2049"	"Actinomyces"	"anaerobic"
"OTU_97.248"	NA	NA	NA	NA	NA	"TG5"	NA
"OTU_97.37368"	NA	NA	NA	NA	NA	"TG5"	NA
"OTU_97.9740"	"2"	"1224"	"29547"	"213849"	"72294"	"Campylobacter"	"facultative_anaerobic"
"OTU_97.124"	"2"	"1224"	"29547"	"213849"	"72294"	"Campylobacter"	"facultative_anaerobic"
"OTU_97.44993"	"2"	"1224"	"29547"	"213849"	"72294"	"Campylobacter"	"facultative_anaerobic"
"OTU_97.11377"	"2"	"1224"	"29547"	"213849"	"72294"	"Campylobacter"	"facultative_anaerobic"
"OTU_97.179"	"2"	"1224"	"29547"	"213849"	"72294"	"Campylobacter"	"facultative_anaerobic"
"OTU_97.357"	"2"	"1224"	"29547"	"213849"	"72294"	"Campylobacter"	"facultative_anaerobic"
"OTU_97.21733"	"2"	"1224"	"29547"	"213849"	"72294"	"Campylobacter"	"facultative_anaerobic"
"OTU_97.43175"	"2"	"32066"	"203490"	"203491"	"203492"	"Fusobacterium"	"anaerobic"
"OTU_97.38934"	"2"	"32066"	"203490"	"203491"	"203492"	"Fusobacterium"	"anaerobic"
"OTU_97.28918"	"2"	"32066"	"203490"	"203491"	"203492"	"Fusobacterium"	"anaerobic"
"OTU_97.40372"	"2"	"32066"	"203490"	"203491"	"203492"	"Fusobacterium"	"anaerobic"
"OTU_97.29804"	"2"	"32066"	"203490"	"203491"	"203492"	"Fusobacterium"	"anaerobic"
"OTU_97.39002"	"2"	"32066"	"203490"	"203491"	"203492"	"Fusobacterium"	"anaerobic"
"OTU_97.27540"	"2"	"32066"	"203490"	"203491"	"203492"	"Fusobacterium"	"anaerobic"
"OTU_97.40634"	"2"	"32066"	"203490"	"203491"	"203492"	"Fusobacterium"	"anaerobic"
"OTU_97.36166"	"2"	"32066"	"203490"	"203491"	"203492"	"Fusobacterium"	"anaerobic"
"OTU_97.32349"	"2"	"32066"	"203490"	"203491"	"203492"	"Fusobacterium"	"anaerobic"
"OTU_97.39904"	"2"	"32066"	"203490"	"203491"	"203492"	"Fusobacterium"	"anaerobic"
"OTU_97.39982"	"2"	"32066"	"203490"	"203491"	"203492"	"Fusobacterium"	"anaerobic"
"OTU_97.40699"	"2"	"32066"	"203490"	"203491"	"203492"	"Fusobacterium"	"anaerobic"
"OTU_97.33787"	"2"	"32066"	"203490"	"203491"	"203492"	"Fusobacterium"	"anaerobic"
"OTU_97.38135"	"2"	"32066"	"203490"	"203491"	"203492"	"Fusobacterium"	"anaerobic"
"OTU_97.40468"	"2"	"32066"	"203490"	"203491"	"203492"	"Fusobacterium"	"anaerobic"
"OTU_97.43339"	"2"	"32066"	"203490"	"203491"	"203492"	"Fusobacterium"	"anaerobic"
"OTU_97.40650"	"2"	"32066"	"203490"	"203491"	"203492"	"Fusobacterium"	"anaerobic"
"OTU_97.35359"	"2"	"32066"	"203490"	"203491"	"203492"	"Fusobacterium"	"anaerobic"
"OTU_97.35833"	"2"	"32066"	"203490"	"203491"	"203492"	"Fusobacterium"	"anaerobic"
"OTU_97.43214"	"2"	"32066"	"203490"	"203491"	"203492"	"Fusobacterium"	"anaerobic"
"OTU_97.37857"	"2"	"32066"	"203490"	"203491"	"203492"	"Fusobacterium"	"anaerobic"
"OTU_97.40495"	"2"	"32066"	"203490"	"203491"	"203492"	"Fusobacterium"	"anaerobic"
"OTU_97.36017"	"2"	"32066"	"203490"	"203491"	"203492"	"Fusobacterium"	"anaerobic"
"OTU_97.38234"	"2"	"32066"	"203490"	"203491"	"203492"	"Fusobacterium"	"anaerobic"
"OTU_97.37463"	"2"	"32066"	"203490"	"203491"	"203492"	"Fusobacterium"	"anaerobic"
"OTU_97.31918"	"2"	"32066"	"203490"	"203491"	"203492"	"Fusobacterium"	"anaerobic"
"OTU_97.35223"	"2"	"32066"	"203490"	"203491"	"203492"	"Fusobacterium"	"anaerobic"
"OTU_97.44019"	"2"	"32066"	"203490"	"203491"	"203492"	"Fusobacterium"	"anaerobic"
"OTU_97.23888"	"2"	"32066"	"203490"	"203491"	"203492"	"Fusobacterium"	"anaerobic"
"OTU_97.25786"	"2"	"32066"	"203490"	"203491"	"203492"	"Fusobacterium"	"anaerobic"
"OTU_97.38086"	"2"	"32066"	"203490"	"203491"	"203492"	"Fusobacterium"	"anaerobic"
"OTU_97.36435"	"2"	"32066"	"203490"	"203491"	"203492"	"Fusobacterium"	"anaerobic"
"OTU_97.31134"	"2"	"32066"	"203490"	"203491"	"203492"	"Fusobacterium"	"anaerobic"
"OTU_97.61"	"2"	"32066"	"203490"	"203491"	"1129771"	"Leptotrichia"	"anaerobic"
"OTU_97.43983"	"2"	"32066"	"203490"	"203491"	"1129771"	"Leptotrichia"	"anaerobic"
"OTU_97.32763"	"2"	"32066"	"203490"	"203491"	"1129771"	"Leptotrichia"	"anaerobic"
"OTU_97.14144"	"2"	"32066"	"203490"	"203491"	"1129771"	"Leptotrichia"	"anaerobic"
"OTU_97.39091"	"2"	"32066"	"203490"	"203491"	"1129771"	"Leptotrichia"	"anaerobic"
"OTU_97.39246"	"2"	"32066"	"203490"	"203491"	"1129771"	"Leptotrichia"	"anaerobic"
"OTU_97.25599"	"2"	"32066"	"203490"	"203491"	"1129771"	"Leptotrichia"	"anaerobic"
"OTU_97.36283"	"2"	"32066"	"203490"	"203491"	"1129771"	"Leptotrichia"	"anaerobic"
"OTU_97.28854"	"2"	"32066"	"203490"	"203491"	"1129771"	"Leptotrichia"	"anaerobic"
"OTU_97.25301"	"2"	"32066"	"203490"	"203491"	"1129771"	"Leptotrichia"	"anaerobic"
"OTU_97.3293"	"2"	"32066"	"203490"	"203491"	"1129771"	"Leptotrichia"	"anaerobic"
"OTU_97.28814"	"2"	"32066"	"203490"	"203491"	"1129771"	"Leptotrichia"	"anaerobic"
"OTU_97.43679"	"2"	"32066"	"203490"	"203491"	"1129771"	"Leptotrichia"	"anaerobic"
"OTU_97.36599"	"2"	"32066"	"203490"	"203491"	"1129771"	"Leptotrichia"	"anaerobic"
"OTU_97.43803"	"2"	"32066"	"203490"	"203491"	"1129771"	"Leptotrichia"	"anaerobic"
"OTU_97.25967"	"2"	"32066"	"203490"	"203491"	"1129771"	"Leptotrichia"	"anaerobic"
"OTU_97.91"	"2"	"32066"	"203490"	"203491"	"1129771"	"Leptotrichia"	"anaerobic"
"OTU_97.43994"	"2"	"32066"	"203490"	"203491"	"1129771"	"Leptotrichia"	"anaerobic"
"OTU_97.27549"	"2"	"32066"	"203490"	"203491"	"1129771"	"Leptotrichia"	"anaerobic"
"OTU_97.8629"	"2"	"32066"	"203490"	"203491"	"1129771"	"Leptotrichia"	"anaerobic"
"OTU_97.40126"	"2"	"32066"	"203490"	"203491"	"1129771"	"Leptotrichia"	"anaerobic"
"OTU_97.486"	"2"	"32066"	"203490"	"203491"	"1129771"	"Leptotrichia"	"anaerobic"
"OTU_97.20322"	"2"	"32066"	"203490"	"203491"	"1129771"	"Leptotrichia"	"anaerobic"
"OTU_97.3872"	"2"	"32066"	"203490"	"203491"	"1129771"	"Leptotrichia"	"anaerobic"
"OTU_97.24192"	"2"	"32066"	"203490"	"203491"	"1129771"	"Leptotrichia"	"anaerobic"
"OTU_97.29574"	"2"	"32066"	"203490"	"203491"	"1129771"	"Leptotrichia"	"anaerobic"
"OTU_97.21261"	"2"	"32066"	"203490"	"203491"	"1129771"	"Leptotrichia"	"anaerobic"
"OTU_97.16190"	"2"	"32066"	"203490"	"203491"	"1129771"	"Leptotrichia"	"anaerobic"
"OTU_97.84"	"2"	"32066"	"203490"	"203491"	"1129771"	"Leptotrichia"	"anaerobic"
"OTU_97.18060"	"2"	"32066"	"203490"	"203491"	"1129771"	"Leptotrichia"	"anaerobic"
"OTU_97.28098"	"2"	"32066"	"203490"	"203491"	"1129771"	"Leptotrichia"	"anaerobic"
"OTU_97.13384"	"2"	"32066"	"203490"	"203491"	"1129771"	"Leptotrichia"	"anaerobic"
"OTU_97.8646"	"2"	"32066"	"203490"	"203491"	"1129771"	"Leptotrichia"	"anaerobic"
"OTU_97.43726"	"2"	"32066"	"203490"	"203491"	"1129771"	"Leptotrichia"	"anaerobic"
"OTU_97.42"	"2"	"32066"	"203490"	"203491"	"1129771"	"Leptotrichia"	"anaerobic"
"OTU_97.21683"	"2"	"32066"	"203490"	"203491"	"1129771"	"Leptotrichia"	"anaerobic"
"OTU_97.200"	"2"	"32066"	"203490"	"203491"	"1129771"	"Leptotrichia"	"anaerobic"
"OTU_97.40245"	"2"	"32066"	"203490"	"203491"	"1129771"	"Leptotrichia"	"anaerobic"
"OTU_97.263"	"2"	"32066"	"203490"	"203491"	"1129771"	"Leptotrichia"	"anaerobic"
"OTU_97.655"	NA	NA	NA	NA	NA	NA	NA
"OTU_97.257"	NA	NA	NA	NA	NA	NA	NA
"OTU_97.634"	NA	NA	NA	NA	NA	NA	NA
"OTU_97.377"	"2"	"203691"	"203692"	"136"	"2845253"	"Treponema"	"anaerobic"
"OTU_97.4084"	"2"	"203691"	"203692"	"136"	"2845253"	"Treponema"	"anaerobic"
"OTU_97.21293"	"2"	"203691"	"203692"	"136"	"2845253"	"Treponema"	"anaerobic"
"OTU_97.333"	"2"	"203691"	"203692"	"136"	"2845253"	"Treponema"	"anaerobic"
"OTU_97.43204"	"2"	"203691"	"203692"	"136"	"2845253"	"Treponema"	"anaerobic"
"OTU_97.148"	"2"	"203691"	"203692"	"136"	"2845253"	"Treponema"	"anaerobic"
"OTU_97.2997"	"2"	"203691"	"203692"	"136"	"2845253"	"Treponema"	"anaerobic"
"OTU_97.591"	"2"	"203691"	"203692"	"136"	"2845253"	"Treponema"	"anaerobic"
"OTU_97.5441"	"2"	"203691"	"203692"	"136"	"2845253"	"Treponema"	"anaerobic"
"OTU_97.35061"	"2"	"203691"	"203692"	"136"	"2845253"	"Treponema"	"anaerobic"
"OTU_97.1803"	"2"	"203691"	"203692"	"136"	"2845253"	"Treponema"	"anaerobic"
"OTU_97.5056"	"2"	"203691"	"203692"	"136"	"2845253"	"Treponema"	"anaerobic"
"OTU_97.27684"	"2"	"203691"	"203692"	"136"	"2845253"	"Treponema"	"anaerobic"
"OTU_97.105"	NA	NA	NA	NA	NA	NA	NA
"OTU_97.235"	NA	NA	NA	NA	NA	NA	NA
"OTU_97.41990"	NA	NA	NA	NA	NA	NA	NA
"OTU_97.27695"	NA	NA	NA	NA	NA	NA	NA
"OTU_97.37245"	NA	NA	NA	NA	NA	NA	NA
"OTU_97.8474"	"2"	"1224"	"28216"	"206351"	"481"	"Eikenella"	"anaerobic"
"OTU_97.18688"	"2"	"1224"	"28216"	"206351"	"481"	"Eikenella"	"anaerobic"
"OTU_97.36382"	"2"	"1224"	"28216"	"206351"	"481"	"Eikenella"	"anaerobic"
"OTU_97.135"	"2"	"1224"	"28216"	"206351"	"481"	"Eikenella"	"anaerobic"
"OTU_97.27963"	NA	NA	NA	NA	NA	NA	NA
"OTU_97.267"	NA	NA	NA	NA	NA	NA	NA
"OTU_97.444"	NA	NA	NA	NA	NA	NA	NA
"OTU_97.2252"	"2"	"1224"	"28216"	"206351"	"481"	"Neisseria"	"aerobic"
"OTU_97.28049"	"2"	"1224"	"28216"	"206351"	"481"	"Neisseria"	"aerobic"
"OTU_97.16262"	NA	NA	NA	NA	NA	NA	NA
"OTU_97.7976"	NA	NA	NA	NA	NA	NA	NA
"OTU_97.11822"	"2"	"1224"	"28216"	"206351"	"481"	"Neisseria"	"aerobic"
"OTU_97.14273"	"2"	"1224"	"28216"	"206351"	"481"	"Neisseria"	"aerobic"
"OTU_97.4233"	"2"	"1224"	"28216"	"206351"	"481"	"Neisseria"	"aerobic"
"OTU_97.13173"	"2"	"1224"	"28216"	"206351"	"481"	"Neisseria"	"aerobic"
"OTU_97.846"	"2"	"1224"	"28216"	"206351"	"481"	"Neisseria"	"aerobic"
"OTU_97.74"	"2"	"1224"	"28216"	"206351"	"481"	"Neisseria"	"aerobic"
"OTU_97.14283"	"2"	"1224"	"28216"	"206351"	"481"	"Neisseria"	"aerobic"
"OTU_97.492"	"2"	"1224"	"28216"	"206351"	"481"	"Neisseria"	"aerobic"
"OTU_97.3176"	"2"	"1224"	"28216"	"206351"	"481"	"Neisseria"	"aerobic"
"OTU_97.34117"	"2"	"1224"	"28216"	"206351"	"481"	"Neisseria"	"aerobic"
"OTU_97.30485"	NA	NA	NA	NA	NA	NA	NA
"OTU_97.2734"	"2"	"1224"	"28216"	"206351"	"481"	"Neisseria"	"aerobic"
"OTU_97.36127"	"2"	"1224"	"28216"	"206351"	"481"	"Neisseria"	"aerobic"
"OTU_97.18000"	NA	NA	NA	NA	NA	NA	NA
"OTU_97.26534"	"2"	"1224"	"28216"	"206351"	"481"	"Neisseria"	"aerobic"
"OTU_97.648"	"2"	"1224"	"28216"	"80840"	"119060"	"Lautropia"	"aerobic"
"OTU_97.19815"	"2"	"1224"	"28216"	"206351"	"481"	"Neisseria"	"aerobic"
"OTU_97.398"	"2"	"1224"	"28216"	"206351"	"481"	"Neisseria"	"aerobic"
"OTU_97.17643"	"2"	"1224"	"28216"	"206351"	"481"	"Neisseria"	"aerobic"
"OTU_97.11876"	"2"	"1224"	"28216"	"206351"	"481"	"Neisseria"	"aerobic"
"OTU_97.27101"	"2"	"1224"	"28216"	"206351"	"481"	"Neisseria"	"aerobic"
"OTU_97.315"	"2"	"1224"	"28216"	"206351"	"481"	"Neisseria"	"aerobic"
"OTU_97.31355"	"2"	"1224"	"28216"	"206351"	"481"	"Neisseria"	"aerobic"
"OTU_97.11451"	"2"	"1224"	"28216"	"206351"	"481"	"Neisseria"	"aerobic"
"OTU_97.37554"	"2"	"1224"	"28216"	"206351"	"481"	"Neisseria"	"aerobic"
"OTU_97.4505"	"2"	"1224"	"28216"	"206351"	"481"	"Neisseria"	"aerobic"
"OTU_97.44996"	"2"	"1224"	"28216"	"206351"	"481"	"Neisseria"	"aerobic"
"OTU_97.2012"	"2"	"1224"	"28216"	"206351"	"481"	"Neisseria"	"aerobic"
"OTU_97.6838"	"2"	"1224"	"28216"	"206351"	"481"	"Neisseria"	"aerobic"
"OTU_97.18589"	"2"	"1224"	"28216"	"206351"	"481"	"Neisseria"	"aerobic"
"OTU_97.2367"	"2"	"1224"	"28216"	"206351"	"481"	"Neisseria"	"aerobic"
"OTU_97.36271"	"2"	"1224"	"28216"	"206351"	"481"	"Neisseria"	"aerobic"
"OTU_97.31226"	"2"	"1224"	"28216"	"206351"	"481"	"Neisseria"	"aerobic"
"OTU_97.36451"	"2"	"1224"	"28216"	"206351"	"481"	"Neisseria"	"aerobic"
"OTU_97.11945"	"2"	"1224"	"28216"	"206351"	"481"	"Neisseria"	"aerobic"
"OTU_97.44972"	"2"	"1224"	"28216"	"206351"	"481"	"Neisseria"	"aerobic"
"OTU_97.39279"	"2"	"1224"	"28216"	"206351"	"481"	"Neisseria"	"aerobic"
"OTU_97.12914"	"2"	"1224"	"28216"	"206351"	"481"	"Neisseria"	"aerobic"
"OTU_97.9537"	"2"	"1224"	"28216"	"206351"	"481"	"Neisseria"	"aerobic"
"OTU_97.18898"	"2"	"1224"	"28216"	"206351"	"481"	"Neisseria"	"aerobic"
"OTU_97.15320"	"2"	"1224"	"28216"	"206351"	"481"	"Neisseria"	"aerobic"
"OTU_97.27973"	"2"	"1224"	"28216"	"206351"	"481"	"Neisseria"	"aerobic"
"OTU_97.22635"	NA	NA	NA	NA	NA	NA	NA
"OTU_97.24"	"2"	"1224"	"28216"	"206351"	"481"	"Neisseria"	"aerobic"
"OTU_97.33354"	"2"	"1224"	"28216"	"206351"	"481"	"Neisseria"	"aerobic"
"OTU_97.39489"	"2"	"1224"	"28216"	"206351"	"481"	"Neisseria"	"aerobic"
"OTU_97.13603"	"2"	"1224"	"28216"	"206351"	"481"	"Neisseria"	"aerobic"
"OTU_97.37954"	"2"	"1224"	"28216"	"206351"	"481"	"Neisseria"	"aerobic"
"OTU_97.36238"	"2"	"1224"	"28216"	"206351"	"481"	"Neisseria"	"aerobic"
"OTU_97.17779"	"2"	"1224"	"28216"	"206351"	"481"	"Neisseria"	"aerobic"
"OTU_97.34047"	"2"	"1224"	"28216"	"206351"	"481"	"Neisseria"	"aerobic"
"OTU_97.4869"	"2"	"1224"	"28216"	"206351"	"481"	"Neisseria"	"aerobic"
"OTU_97.39736"	"2"	"1224"	"28216"	"206351"	"481"	"Neisseria"	"aerobic"
"OTU_97.23668"	"2"	"1224"	"28216"	"206351"	"481"	"Neisseria"	"aerobic"
"OTU_97.41394"	"2"	"1224"	"28216"	"206351"	"481"	"Neisseria"	"aerobic"
"OTU_97.31529"	"2"	"1224"	"28216"	"206351"	"481"	"Neisseria"	"aerobic"
"OTU_97.23524"	"2"	"1224"	"28216"	"206351"	"481"	"Neisseria"	"aerobic"
"OTU_97.3522"	"2"	"1224"	"28216"	"206351"	"481"	"Neisseria"	"aerobic"
"OTU_97.35354"	"2"	"1224"	"28216"	"206351"	"481"	"Neisseria"	"aerobic"
"OTU_97.1267"	"2"	"1224"	"28216"	"206351"	"481"	"Neisseria"	"aerobic"
"OTU_97.34808"	"2"	"1224"	"28216"	"206351"	"481"	"Neisseria"	"aerobic"
"OTU_97.972"	"2"	"1224"	"28216"	"206351"	"481"	"Neisseria"	"aerobic"
"OTU_97.32238"	"2"	"1224"	"28216"	"206351"	"481"	"Neisseria"	"aerobic"
"OTU_97.14773"	"2"	"1224"	"28216"	"206351"	"481"	"Neisseria"	"aerobic"
"OTU_97.762"	"2"	"1224"	"28216"	"206351"	"481"	"Neisseria"	"aerobic"
"OTU_97.6228"	"2"	"1224"	"28216"	"206351"	"481"	"Neisseria"	"aerobic"
"OTU_97.24133"	"2"	"1224"	"28216"	"206351"	"481"	"Neisseria"	"aerobic"
"OTU_97.40059"	"2"	"1224"	"28216"	"206351"	"481"	"Neisseria"	"aerobic"
"OTU_97.36035"	"2"	"1224"	"28216"	"206351"	"481"	"Neisseria"	"aerobic"
"OTU_97.8957"	"2"	"1224"	"28216"	"206351"	"481"	"Neisseria"	"aerobic"
"OTU_97.35214"	"2"	"1224"	"28216"	"206351"	"481"	"Neisseria"	"aerobic"
"OTU_97.36092"	"2"	"1224"	"28216"	"206351"	"481"	"Neisseria"	"aerobic"
"OTU_97.34754"	"2"	"1224"	"28216"	"206351"	"481"	"Neisseria"	"aerobic"
"OTU_97.33061"	"2"	"1224"	"28216"	"206351"	"481"	"Neisseria"	"aerobic"
"OTU_97.35554"	"2"	"1224"	"28216"	"206351"	"481"	"Neisseria"	"aerobic"
"OTU_97.30676"	"2"	"1224"	"28216"	"206351"	"481"	"Neisseria"	"aerobic"
"OTU_97.24923"	"2"	"1224"	"28216"	"206351"	"481"	"Neisseria"	"aerobic"
"OTU_97.32788"	"2"	"1224"	"28216"	"206351"	"481"	"Neisseria"	"aerobic"
"OTU_97.31802"	"2"	"1224"	"28216"	"206351"	"481"	"Neisseria"	"aerobic"
"OTU_97.43881"	"2"	"1224"	"28216"	"206351"	"481"	"Neisseria"	"aerobic"
"OTU_97.39066"	"2"	"1224"	"28216"	"206351"	"481"	"Neisseria"	"aerobic"
"OTU_97.4153"	"2"	"1224"	"28216"	"206351"	"481"	"Neisseria"	"aerobic"
"OTU_97.38869"	"2"	"1224"	"28216"	"206351"	"481"	"Neisseria"	"aerobic"
"OTU_97.43346"	"2"	"1224"	"28216"	"206351"	"481"	"Neisseria"	"aerobic"
"OTU_97.265"	NA	NA	NA	NA	NA	NA	NA
"OTU_97.847"	"2"	"1224"	"28216"	"206351"	"481"	"Neisseria"	"aerobic"
"OTU_97.11962"	"2"	"1224"	"28216"	"206351"	"481"	"Neisseria"	"aerobic"
"OTU_97.446"	"2"	"1224"	"28216"	"206351"	"481"	"Neisseria"	"aerobic"
"OTU_97.6911"	NA	NA	NA	NA	NA	NA	NA
"OTU_97.7667"	"2"	"1224"	"28216"	"206351"	"481"	"Kingella"	"aerobic"
"OTU_97.18294"	"2"	"1224"	"28216"	"206351"	"481"	"Kingella"	"aerobic"
"OTU_97.38220"	"2"	"1224"	"28216"	"206351"	"481"	"Kingella"	"aerobic"
"OTU_97.204"	"2"	"1224"	"28216"	"206351"	"481"	"Kingella"	"aerobic"
"OTU_97.20737"	"2"	"1224"	"28216"	"206351"	"481"	"Kingella"	"aerobic"
"OTU_97.5752"	"2"	"1224"	"28216"	"206351"	"481"	"Kingella"	"aerobic"
"OTU_97.218"	"2"	"1224"	"28216"	"206351"	"481"	"Kingella"	"aerobic"
"OTU_97.13523"	"2"	"1224"	"28216"	"206351"	"481"	"Kingella"	"aerobic"
"OTU_97.15851"	NA	NA	NA	NA	NA	NA	NA
"OTU_97.26233"	"2"	"1224"	"28216"	"206351"	"481"	"Kingella"	"aerobic"
"OTU_97.13266"	"2"	"1224"	"28216"	"206351"	"481"	"Kingella"	"aerobic"
"OTU_97.5008"	"2"	"1224"	"28216"	"206351"	"481"	"Kingella"	"aerobic"
"OTU_97.12589"	"2"	"1224"	"28216"	"206351"	"481"	"Kingella"	"aerobic"
"OTU_97.36228"	"2"	"1224"	"28216"	"206351"	"481"	"Kingella"	"aerobic"
"OTU_97.20548"	"2"	"1224"	"28216"	"206351"	"481"	"Kingella"	"aerobic"
"OTU_97.95"	"2"	"1224"	"28216"	"206351"	"481"	"Kingella"	"aerobic"
"OTU_97.20692"	NA	NA	NA	NA	NA	NA	NA
"OTU_97.22113"	NA	NA	NA	NA	NA	NA	NA
"OTU_97.16071"	"2"	"1224"	"28216"	"80840"	"119060"	"Lautropia"	"aerobic"
"OTU_97.38738"	"2"	"1224"	"28216"	"80840"	"119060"	"Lautropia"	"aerobic"
"OTU_97.20031"	"2"	"1224"	"28216"	"80840"	"119060"	"Lautropia"	"aerobic"
"OTU_97.8703"	"2"	"1224"	"28216"	"80840"	"119060"	"Lautropia"	"aerobic"
"OTU_97.24031"	"2"	"1224"	"28216"	"80840"	"119060"	"Lautropia"	"aerobic"
"OTU_97.40690"	"2"	"1224"	"28216"	"80840"	"119060"	"Lautropia"	"aerobic"
"OTU_97.40084"	"2"	"1224"	"28216"	"80840"	"119060"	"Lautropia"	"aerobic"
"OTU_97.8545"	"2"	"1224"	"28216"	"80840"	"119060"	"Lautropia"	"aerobic"
"OTU_97.37901"	"2"	"1224"	"28216"	"80840"	"119060"	"Lautropia"	"aerobic"
"OTU_97.24659"	"2"	"1224"	"28216"	"80840"	"119060"	"Lautropia"	"aerobic"
"OTU_97.1043"	"2"	"1224"	"28216"	"80840"	"119060"	"Lautropia"	"aerobic"
"OTU_97.11308"	"2"	"1224"	"28216"	"80840"	"119060"	"Lautropia"	"aerobic"
"OTU_97.38864"	"2"	"1224"	"28216"	"80840"	"119060"	"Lautropia"	"aerobic"
"OTU_97.2092"	"2"	"1224"	"28216"	"80840"	"119060"	"Lautropia"	"aerobic"
"OTU_97.29"	"2"	"1224"	"28216"	"80840"	"119060"	"Lautropia"	"aerobic"
"OTU_97.426"	"2"	"1224"	"28216"	"80840"	"119060"	"Lautropia"	"aerobic"
"OTU_97.35552"	"2"	"1224"	"28216"	"80840"	"119060"	"Lautropia"	"aerobic"
"OTU_97.11180"	"2"	"1224"	"28216"	"80840"	"119060"	"Lautropia"	"aerobic"
"OTU_97.31214"	"2"	"1224"	"28216"	"80840"	"119060"	"Lautropia"	"aerobic"
"OTU_97.4165"	"2"	"1224"	"28216"	"80840"	"119060"	"Lautropia"	"aerobic"
"OTU_97.32128"	"2"	"1224"	"28216"	"80840"	"119060"	"Lautropia"	"aerobic"
"OTU_97.33307"	"2"	"1224"	"28216"	"80840"	"119060"	"Lautropia"	"aerobic"
"OTU_97.37685"	"2"	"1224"	"28216"	"80840"	"119060"	"Lautropia"	"aerobic"
"OTU_97.38169"	"2"	"1224"	"28216"	"80840"	"119060"	"Lautropia"	"aerobic"
"OTU_97.19838"	"2"	"1224"	"28216"	"80840"	"119060"	"Lautropia"	"aerobic"
"OTU_97.6687"	"2"	"1224"	"28216"	"80840"	"119060"	"Lautropia"	"aerobic"
"OTU_97.9324"	"2"	"1224"	"28216"	"80840"	"119060"	"Lautropia"	"aerobic"
"OTU_97.10682"	"2"	"1224"	"28216"	"80840"	"119060"	"Lautropia"	"aerobic"
"OTU_97.20774"	"2"	"1224"	"28216"	"80840"	"119060"	"Lautropia"	"aerobic"
"OTU_97.1964"	"2"	"1224"	"28216"	"80840"	"119060"	"Lautropia"	"aerobic"
"OTU_97.659"	"2"	"1224"	"28216"	"80840"	"119060"	"Lautropia"	"aerobic"
"OTU_97.1164"	"2"	"1224"	"28216"	"80840"	"119060"	"Lautropia"	"aerobic"
"OTU_97.2185"	"2"	"1224"	"28216"	"80840"	"119060"	"Lautropia"	"aerobic"
"OTU_97.23839"	NA	NA	NA	NA	NA	NA	NA
"OTU_97.4392"	NA	NA	NA	NA	NA	NA	NA
"OTU_97.10594"	"2"	"1224"	"28216"	"80840"	"80864"	"Brachymonas"	NA
"OTU_97.203"	"2"	"1224"	"28216"	"80840"	"80864"	"Brachymonas"	NA
"OTU_97.1203"	NA	NA	NA	NA	NA	NA	NA
"OTU_97.12613"	"2"	"1224"	"28216"	"80840"	"80864"	"Brachymonas"	NA
"OTU_97.3586"	"2"	"1224"	"1236"	"135615"	"868"	"Cardiobacterium"	"aerobic"
"OTU_97.181"	"2"	"1224"	"1236"	"135615"	"868"	"Cardiobacterium"	"aerobic"
"OTU_97.6496"	"2"	"1224"	"1236"	"135615"	"868"	"Cardiobacterium"	"aerobic"
"OTU_97.935"	"2"	"1224"	"1236"	"135615"	"868"	"Cardiobacterium"	"aerobic"
"OTU_97.31364"	"2"	"1224"	"1236"	"135615"	"868"	"Cardiobacterium"	"aerobic"
"OTU_97.443"	"2"	"1224"	"1236"	"135615"	"868"	"Cardiobacterium"	"aerobic"
"OTU_97.31798"	"2"	"1224"	"1236"	"135625"	"712"	"Aggregatibacter"	"facultative_anaerobic"
"OTU_97.24731"	"2"	"1224"	"1236"	"135625"	"712"	"Aggregatibacter"	"facultative_anaerobic"
"OTU_97.30257"	"2"	"1224"	"1236"	"135625"	"712"	"Aggregatibacter"	"facultative_anaerobic"
"OTU_97.5265"	"2"	"1224"	"1236"	"135625"	"712"	"Aggregatibacter"	"facultative_anaerobic"
"OTU_97.34828"	"2"	"1224"	"1236"	"135625"	"712"	"Aggregatibacter"	"facultative_anaerobic"
"OTU_97.11854"	"2"	"1224"	"1236"	"135625"	"712"	"Aggregatibacter"	"facultative_anaerobic"
"OTU_97.25225"	"2"	"1224"	"1236"	"135625"	"712"	"Aggregatibacter"	"facultative_anaerobic"
"OTU_97.44627"	"2"	"1224"	"1236"	"135625"	"712"	"Aggregatibacter"	"facultative_anaerobic"
"OTU_97.6403"	"2"	"1224"	"1236"	"135625"	"712"	"Aggregatibacter"	"facultative_anaerobic"
"OTU_97.34263"	NA	NA	NA	NA	NA	NA	NA
"OTU_97.102"	"2"	"1224"	"1236"	"135625"	"712"	"Aggregatibacter"	"facultative_anaerobic"
"OTU_97.6678"	"2"	"1224"	"1236"	"135625"	"712"	"Aggregatibacter"	"facultative_anaerobic"
"OTU_97.3468"	"2"	"1224"	"1236"	"135625"	"712"	"Aggregatibacter"	"facultative_anaerobic"
"OTU_97.44145"	"2"	"1224"	"1236"	"135625"	"712"	"Aggregatibacter"	"facultative_anaerobic"
"OTU_97.136"	"2"	"1224"	"1236"	"135625"	"712"	"Aggregatibacter"	"facultative_anaerobic"
"OTU_97.941"	"2"	"1224"	"1236"	"135625"	"712"	"Aggregatibacter"	"facultative_anaerobic"
"OTU_97.43368"	"2"	"1224"	"1236"	"135625"	"712"	"Aggregatibacter"	"facultative_anaerobic"
"OTU_97.9309"	NA	NA	NA	NA	NA	NA	NA
"OTU_97.25119"	"2"	"1224"	"1236"	"135625"	"712"	"Aggregatibacter"	"facultative_anaerobic"
"OTU_97.45303"	"2"	"1224"	"1236"	"135625"	"712"	"Aggregatibacter"	"facultative_anaerobic"
"OTU_97.42444"	"2"	"1224"	"1236"	"135625"	"712"	"Aggregatibacter"	"facultative_anaerobic"
"OTU_97.42404"	"2"	"1224"	"1236"	"135625"	"712"	"Haemophilus"	"facultative_anaerobic"
"OTU_97.43093"	"2"	"1224"	"1236"	"135625"	"712"	"Haemophilus"	"facultative_anaerobic"
"OTU_97.44423"	"2"	"1224"	"1236"	"135625"	"712"	"Haemophilus"	"facultative_anaerobic"
"OTU_97.45036"	"2"	"1224"	"1236"	"135625"	"712"	"Haemophilus"	"facultative_anaerobic"
"OTU_97.42805"	"2"	"1224"	"1236"	"135625"	"712"	"Haemophilus"	"facultative_anaerobic"
"OTU_97.45412"	"2"	"1224"	"1236"	"135625"	"712"	"Haemophilus"	"facultative_anaerobic"
"OTU_97.42229"	NA	NA	NA	NA	NA	NA	NA
"OTU_97.44820"	"2"	"1224"	"1236"	"135625"	"712"	"Haemophilus"	"facultative_anaerobic"
"OTU_97.1469"	NA	NA	NA	NA	NA	NA	NA
"OTU_97.45196"	"2"	"1224"	"1236"	"135625"	"712"	"Actinobacillus"	"aerobic"
"OTU_97.45297"	"2"	"1224"	"1236"	"135625"	"712"	"Haemophilus"	"facultative_anaerobic"
"OTU_97.20668"	"2"	"1224"	"1236"	"135625"	"712"	"Haemophilus"	"facultative_anaerobic"
"OTU_97.45328"	"2"	"1224"	"1236"	"135625"	"712"	"Haemophilus"	"facultative_anaerobic"
"OTU_97.42948"	"2"	"1224"	"1236"	"135625"	"712"	"Haemophilus"	"facultative_anaerobic"
"OTU_97.44944"	"2"	"1224"	"1236"	"135625"	"712"	"Haemophilus"	"facultative_anaerobic"
"OTU_97.34236"	"2"	"1224"	"1236"	"135625"	"712"	"Haemophilus"	"facultative_anaerobic"
"OTU_97.42938"	"2"	"1224"	"1236"	"135625"	"712"	"Haemophilus"	"facultative_anaerobic"
"OTU_97.43386"	"2"	"1224"	"1236"	"135625"	"712"	"Haemophilus"	"facultative_anaerobic"
"OTU_97.43098"	"2"	"1224"	"1236"	"135625"	"712"	"Haemophilus"	"facultative_anaerobic"
"OTU_97.44406"	"2"	"1224"	"1236"	"135625"	"712"	"Haemophilus"	"facultative_anaerobic"
"OTU_97.6879"	"2"	"1224"	"1236"	"135625"	"712"	"Haemophilus"	"facultative_anaerobic"
"OTU_97.24898"	"2"	"1224"	"1236"	"135625"	"712"	"Haemophilus"	"facultative_anaerobic"
"OTU_97.30856"	"2"	"1224"	"1236"	"135625"	"712"	"Haemophilus"	"facultative_anaerobic"
"OTU_97.45053"	"2"	"1224"	"1236"	"135625"	"712"	"Haemophilus"	"facultative_anaerobic"
"OTU_97.44157"	"2"	"1224"	"1236"	"135625"	"712"	"Haemophilus"	"facultative_anaerobic"
"OTU_97.45372"	"2"	"1224"	"1236"	"135625"	"712"	"Haemophilus"	"facultative_anaerobic"
"OTU_97.43072"	"2"	"1224"	"1236"	"135625"	"712"	"Haemophilus"	"facultative_anaerobic"
"OTU_97.44665"	"2"	"1224"	"1236"	"135625"	"712"	"Haemophilus"	"facultative_anaerobic"
"OTU_97.44941"	"2"	"1224"	"1236"	"135625"	"712"	"Haemophilus"	"facultative_anaerobic"
"OTU_97.45433"	NA	NA	NA	NA	NA	NA	NA
"OTU_97.45277"	"2"	"1224"	"1236"	"135625"	"712"	"Haemophilus"	"facultative_anaerobic"
"OTU_97.45058"	"2"	"1224"	"1236"	"135625"	"712"	"Haemophilus"	"facultative_anaerobic"
"OTU_97.45337"	"2"	"1224"	"1236"	"135625"	"712"	"Haemophilus"	"facultative_anaerobic"
"OTU_97.44958"	"2"	"1224"	"1236"	"135625"	"712"	"Haemophilus"	"facultative_anaerobic"
"OTU_97.45148"	"2"	"1224"	"1236"	"135625"	"712"	"Haemophilus"	"facultative_anaerobic"
"OTU_97.44935"	"2"	"1224"	"1236"	"135625"	"712"	"Haemophilus"	"facultative_anaerobic"
"OTU_97.32504"	"2"	"1224"	"1236"	"135625"	"712"	"Haemophilus"	"facultative_anaerobic"
"OTU_97.44851"	"2"	"1224"	"1236"	"135625"	"712"	"Haemophilus"	"facultative_anaerobic"
"OTU_97.42989"	"2"	"1224"	"1236"	"135625"	"712"	"Haemophilus"	"facultative_anaerobic"
"OTU_97.45310"	"2"	"1224"	"1236"	"135625"	"712"	"Haemophilus"	"facultative_anaerobic"
"OTU_97.13370"	NA	NA	NA	NA	NA	NA	NA
"OTU_97.33792"	"2"	"1239"	"909932"	"1843489"	"31977"	"Veillonella"	"anaerobic"
"OTU_97.42820"	"2"	"1239"	"909932"	"1843489"	"31977"	"Veillonella"	"anaerobic"
"OTU_97.42628"	"2"	"1239"	"909932"	"1843489"	"31977"	"Veillonella"	"anaerobic"
"OTU_97.42905"	"2"	"1239"	"909932"	"1843489"	"31977"	"Veillonella"	"anaerobic"
"OTU_97.2131"	"2"	"1239"	"909932"	"1843489"	"31977"	"Veillonella"	"anaerobic"
"OTU_97.42626"	"2"	"1239"	"909932"	"1843489"	"31977"	"Veillonella"	"anaerobic"
"OTU_97.43057"	"2"	"1239"	"909932"	"1843489"	"31977"	"Veillonella"	"anaerobic"
"OTU_97.26118"	"2"	"1239"	"909932"	"1843489"	"31977"	"Veillonella"	"anaerobic"
"OTU_97.27701"	"2"	"1239"	"909932"	"1843489"	"31977"	"Veillonella"	"anaerobic"
"OTU_97.41849"	"2"	"1239"	"909932"	"1843489"	"31977"	"Veillonella"	"anaerobic"
"OTU_97.42589"	"2"	"1239"	"909932"	"1843489"	"31977"	"Veillonella"	"anaerobic"
"OTU_97.23693"	"2"	"1239"	"909932"	"1843489"	"31977"	"Veillonella"	"anaerobic"
"OTU_97.31818"	"2"	"1239"	"909932"	"1843489"	"31977"	"Veillonella"	"anaerobic"
"OTU_97.13654"	"2"	"1239"	"909932"	"1843489"	"31977"	"Veillonella"	"anaerobic"
"OTU_97.43046"	"2"	"1239"	"909932"	"1843489"	"31977"	"Veillonella"	"anaerobic"
"OTU_97.42663"	"2"	"1239"	"909932"	"1843489"	"31977"	"Veillonella"	"anaerobic"
"OTU_97.42864"	"2"	"1239"	"909932"	"1843489"	"31977"	"Veillonella"	"anaerobic"
"OTU_97.42662"	"2"	"1239"	"909932"	"1843489"	"31977"	"Veillonella"	"anaerobic"
"OTU_97.27801"	"2"	"1239"	"909932"	"1843489"	"31977"	"Veillonella"	"anaerobic"
"OTU_97.42838"	"2"	"1239"	"909932"	"1843489"	"31977"	"Veillonella"	"anaerobic"
"OTU_97.42152"	"2"	"1239"	"909932"	"1843489"	"31977"	"Veillonella"	"anaerobic"
"OTU_97.43049"	"2"	"1239"	"909932"	"1843489"	"31977"	"Veillonella"	"anaerobic"
"OTU_97.41732"	"2"	"1239"	"909932"	"1843489"	"31977"	"Veillonella"	"anaerobic"
"OTU_97.245"	"2"	"1239"	"909932"	"909929"	"1843491"	"Selenomonas"	"anaerobic"
"OTU_97.1569"	"2"	"1239"	"909932"	"909929"	"1843491"	"Selenomonas"	"anaerobic"
"OTU_97.1049"	"2"	"1239"	"909932"	"909929"	"1843491"	"Selenomonas"	"anaerobic"
"OTU_97.34106"	"2"	"1239"	"909932"	"909929"	"1843491"	"Selenomonas"	"anaerobic"
"OTU_97.1123"	"2"	"1239"	"909932"	"909929"	"1843491"	"Selenomonas"	"anaerobic"
"OTU_97.1455"	"2"	"1239"	"909932"	"909929"	"1843491"	"Selenomonas"	"anaerobic"
"OTU_97.7061"	"2"	"1239"	"909932"	"909929"	"1843491"	"Selenomonas"	"anaerobic"
"OTU_97.19062"	"2"	"1239"	"909932"	"909929"	"1843491"	"Selenomonas"	"anaerobic"
"OTU_97.44646"	"2"	"1239"	"909932"	"909929"	"1843491"	"Selenomonas"	"anaerobic"
"OTU_97.34596"	"2"	"1239"	"909932"	"909929"	"1843491"	"Selenomonas"	"anaerobic"
"OTU_97.31259"	"2"	"1239"	"909932"	"909929"	"1843491"	"Selenomonas"	"anaerobic"
"OTU_97.126"	"2"	"1239"	"909932"	"909929"	"1843491"	"Selenomonas"	"anaerobic"
"OTU_97.6753"	"2"	"1239"	"909932"	"909929"	"1843491"	"Selenomonas"	"anaerobic"
"OTU_97.40742"	"2"	"1239"	"909932"	"909929"	"1843491"	"Selenomonas"	"anaerobic"
"OTU_97.20832"	"2"	"1239"	"909932"	"909929"	"1843491"	"Selenomonas"	"anaerobic"
"OTU_97.1691"	"2"	"1239"	"909932"	"909929"	"1843491"	"Selenomonas"	"anaerobic"
"OTU_97.5996"	"2"	"1239"	"909932"	"909929"	"1843491"	"Selenomonas"	"anaerobic"
"OTU_97.20129"	"2"	"1239"	"909932"	"909929"	"1843491"	"Selenomonas"	"anaerobic"
"OTU_97.42902"	"2"	"1239"	"909932"	"909929"	"1843491"	"Selenomonas"	"anaerobic"
"OTU_97.34484"	"2"	"1239"	"909932"	"909929"	"1843491"	"Selenomonas"	"anaerobic"
"OTU_97.15026"	"2"	"1239"	"909932"	"909929"	"1843491"	"Selenomonas"	"anaerobic"
"OTU_97.16527"	"2"	"1239"	"909932"	"909929"	"1843491"	"Selenomonas"	"anaerobic"
"OTU_97.98"	"2"	"1239"	"909932"	"909929"	"1843491"	"Selenomonas"	"anaerobic"
"OTU_97.2639"	"2"	"1239"	"909932"	"909929"	"1843491"	"Selenomonas"	"anaerobic"
"OTU_97.322"	"2"	"1239"	"909932"	"909929"	"1843491"	"Selenomonas"	"anaerobic"
"OTU_97.307"	"2"	"1239"	"909932"	"909929"	"1843491"	"Selenomonas"	"anaerobic"
"OTU_97.36484"	"2"	"1239"	"909932"	"909929"	"1843491"	"Selenomonas"	"anaerobic"
"OTU_97.2769"	"2"	"1239"	"909932"	"1843489"	"31977"	"Dialister"	"anaerobic"
"OTU_97.18261"	"2"	"1239"	"909932"	"1843489"	"31977"	"Dialister"	"anaerobic"
"OTU_97.33295"	"2"	"1239"	"909932"	"1843489"	"31977"	"Dialister"	"anaerobic"
"OTU_97.75"	"2"	"1239"	"909932"	"1843489"	"31977"	"Dialister"	"anaerobic"
"OTU_97.9"	"2"	"1239"	"91061"	"1385"	NA	"Gemella"	"facultative_anaerobic"
"OTU_97.39819"	"2"	"1239"	"91061"	"1385"	NA	"Gemella"	"facultative_anaerobic"
"OTU_97.30551"	"2"	"1239"	"91061"	"1385"	NA	"Gemella"	"facultative_anaerobic"
"OTU_97.13272"	"2"	"1239"	"91061"	"1385"	NA	"Gemella"	"facultative_anaerobic"
"OTU_97.36154"	"2"	"1239"	"91061"	"1385"	NA	"Gemella"	"facultative_anaerobic"
"OTU_97.37383"	"2"	"1239"	"91061"	"1385"	NA	"Gemella"	"facultative_anaerobic"
"OTU_97.37856"	"2"	"1239"	"91061"	"1385"	NA	"Gemella"	"facultative_anaerobic"
"OTU_97.10439"	"2"	"1239"	"91061"	"1385"	NA	"Gemella"	"facultative_anaerobic"
"OTU_97.14286"	"2"	"1239"	"91061"	"1385"	NA	"Gemella"	"facultative_anaerobic"
"OTU_97.157"	"2"	"1239"	"91061"	"1385"	NA	"Gemella"	"facultative_anaerobic"
"OTU_97.8334"	"2"	"1239"	"91061"	"186826"	"186827"	"Abiotrophia"	"facultative_anaerobic"
"OTU_97.22389"	"2"	"1239"	"91061"	"186826"	"186827"	"Abiotrophia"	"facultative_anaerobic"
"OTU_97.116"	"2"	"1239"	"91061"	"186826"	"186827"	"Abiotrophia"	"facultative_anaerobic"
"OTU_97.17317"	"2"	"1239"	"91061"	"186826"	"186828"	"Granulicatella"	"anaerobic"
"OTU_97.20"	"2"	"1239"	"91061"	"186826"	"186828"	"Granulicatella"	"anaerobic"
"OTU_97.37770"	"2"	"1239"	"91061"	"186826"	"1300"	"Streptococcus"	"facultative_anaerobic"
"OTU_97.44427"	"2"	"1239"	"91061"	"186826"	"1300"	"Streptococcus"	"facultative_anaerobic"
"OTU_97.28595"	"2"	"1239"	"91061"	"186826"	"1300"	"Streptococcus"	"facultative_anaerobic"
"OTU_97.18767"	"2"	"1239"	"91061"	"186826"	"1300"	"Streptococcus"	"facultative_anaerobic"
"OTU_97.42422"	"2"	"1239"	"91061"	"186826"	"1300"	"Streptococcus"	"facultative_anaerobic"
"OTU_97.2732"	"2"	"1239"	"91061"	"186826"	"1300"	"Streptococcus"	"facultative_anaerobic"
"OTU_97.2074"	"2"	"1239"	"91061"	"186826"	"1300"	"Streptococcus"	"facultative_anaerobic"
"OTU_97.44693"	"2"	"1239"	"91061"	"186826"	"1300"	"Streptococcus"	"facultative_anaerobic"
"OTU_97.13867"	"2"	"1239"	"91061"	"186826"	"1300"	"Streptococcus"	"facultative_anaerobic"
"OTU_97.31407"	"2"	"1239"	"91061"	"186826"	"1300"	"Streptococcus"	"facultative_anaerobic"
"OTU_97.34616"	"2"	"1239"	"91061"	"186826"	"1300"	"Streptococcus"	"facultative_anaerobic"
"OTU_97.44594"	"2"	"1239"	"91061"	"186826"	"1300"	"Streptococcus"	"facultative_anaerobic"
"OTU_97.36286"	"2"	"1239"	"91061"	"186826"	"1300"	"Streptococcus"	"facultative_anaerobic"
"OTU_97.34920"	"2"	"1239"	"91061"	"186826"	"1300"	"Streptococcus"	"facultative_anaerobic"
"OTU_97.33966"	"2"	"1239"	"91061"	"186826"	"1300"	"Streptococcus"	"facultative_anaerobic"
"OTU_97.42321"	"2"	"1239"	"91061"	"186826"	"1300"	"Streptococcus"	"facultative_anaerobic"
"OTU_97.44315"	"2"	"1239"	"91061"	"186826"	"1300"	"Streptococcus"	"facultative_anaerobic"
"OTU_97.44905"	"2"	"1239"	"91061"	"186826"	"1300"	"Streptococcus"	"facultative_anaerobic"
"OTU_97.45122"	"2"	"1239"	"91061"	"186826"	"1300"	"Streptococcus"	"facultative_anaerobic"
"OTU_97.34759"	"2"	"1239"	"91061"	"186826"	"1300"	"Streptococcus"	"facultative_anaerobic"
"OTU_97.42384"	"2"	"1239"	"91061"	"186826"	"1300"	"Streptococcus"	"facultative_anaerobic"
"OTU_97.44564"	"2"	"1239"	"91061"	"186826"	"1300"	"Streptococcus"	"facultative_anaerobic"
"OTU_97.42502"	"2"	"1239"	"91061"	"186826"	"1300"	"Streptococcus"	"facultative_anaerobic"
"OTU_97.45246"	"2"	"1239"	"91061"	"186826"	"1300"	"Streptococcus"	"facultative_anaerobic"
"OTU_97.45250"	"2"	"1239"	"91061"	"186826"	"1300"	"Streptococcus"	"facultative_anaerobic"
"OTU_97.44833"	"2"	"1239"	"91061"	"186826"	"1300"	"Streptococcus"	"facultative_anaerobic"
"OTU_97.44380"	"2"	"1239"	"91061"	"186826"	"1300"	"Streptococcus"	"facultative_anaerobic"
"OTU_97.45223"	"2"	"1239"	"91061"	"186826"	"1300"	"Streptococcus"	"facultative_anaerobic"
"OTU_97.44629"	"2"	"1239"	"91061"	"186826"	"1300"	"Streptococcus"	"facultative_anaerobic"
"OTU_97.44294"	"2"	"1239"	"91061"	"186826"	"1300"	"Streptococcus"	"facultative_anaerobic"
"OTU_97.45429"	"2"	"1239"	"91061"	"186826"	"1300"	"Streptococcus"	"facultative_anaerobic"
"OTU_97.44375"	"2"	"1239"	"91061"	"186826"	"1300"	"Streptococcus"	"facultative_anaerobic"
"OTU_97.45365"	"2"	"1239"	"91061"	"186826"	"1300"	"Streptococcus"	"facultative_anaerobic"
"OTU_97.45307"	"2"	"1239"	"91061"	"186826"	"1300"	"Streptococcus"	"facultative_anaerobic"
