"otu"	"full_taxon_name"	"kingdom"	"phylum"	"class"	"order"	"family"	"genus"	"species"	"taxon_annotation"
"Lactobacillus iners"	"Lactobacillus iners"	"Bacteria|Bacilli|Lactobacillales|Lactobacillaceae|Lactobacillus|Lactobacillus iners"	"2"	"1239"	"91061"	"186826"	"33958"	"1578"	"147802"	"hv-associated"
"Lactobacillus crispatus"	"Lactobacillus crispatus"	"Bacteria|Bacilli|Lactobacillales|Lactobacillaceae|Lactobacillus|Lactobacillus crispatus"	"2"	"1239"	"91061"	"186826"	"33958"	"1578"	"47770"	"hv-associated"
"Lactobacillus gasseri"	"Lactobacillus gasseri"	"Bacteria|Bacilli|Lactobacillales|Lactobacillaceae|Lactobacillus|Lactobacillus gasseri"	"2"	"1239"	"91061"	"186826"	"33958"	"1578"	"1596"	"hv-associated"
"Lactobacillus jensenii"	"Lactobacillus jensenii"	"Bacteria|Bacilli|Lactobacillales|Lactobacillaceae|Lactobacillus|Lactobacillus jensenii"	"2"	"1239"	"91061"	"186826"	"33958"	"1578"	NA	"hv-associated"
"Prevotella"	"Prevotella"	"Bacteria|Bacteroidia|Bacteroidales|Prevotellaceae|Prevotella|NA"	"2"	"976"	"200643"	"171549"	"171552"	"838"	NA	"bv-associated"
"Megasphaera"	"Megasphaera"	"Bacteria|Negativicutes|Veillonellales|Veillonellaceae|Megasphaera|NA"	"2"	"1239"	"909932"	"1843489"	"31977"	"906"	NA	NA
"Sneathia"	"Sneathia"	"Bacteria|Fusobacteriia|Fusobacteriales|Leptotrichiaceae|Sneathia|NA"	"2"	"32066"	"203490"	"203491"	"1129771"	"168808"	NA	"bv-associated"
"Atopobium"	"Atopobium"	"Bacteria|Coriobacteriia|Coriobacteriales|Atopobiaceae|Atopobium|NA"	"2"	"201174"	"84998"	"84999"	"1643824"	"1380"	NA	"bv-associated"
"Streptococcus"	"Streptococcus"	"Bacteria|Bacilli|Lactobacillales|Streptococcaceae|Streptococcus|NA"	"2"	"1239"	"91061"	"186826"	"1300"	"1301"	NA	"bv-associated"
"Dialister"	"Dialister"	"Bacteria|Negativicutes|Veillonellales|Veillonellaceae|Dialister|NA"	"2"	"1239"	"909932"	"1843489"	"31977"	"39948"	NA	NA
"Lachnospiraceae_8"	"Lachnospiraceae_8"	"Bacteria|Clostridia|Eubacteriales|Lachnospiraceae|NA|NA"	"2"	"1239"	"186801"	"186802"	"186803"	NA	NA	NA
"Anaerococcus"	"Anaerococcus"	"Bacteria|Tissierellia|Tissierellales|Peptoniphilaceae|Anaerococcus|NA"	"2"	"1239"	"1737404"	"1737405"	"1570339"	"165779"	NA	NA
"Peptoniphilus"	"Peptoniphilus"	"Bacteria|Tissierellia|Tissierellales|Peptoniphilaceae|Peptoniphilus|NA"	"2"	"1239"	"1737404"	"1737405"	"1570339"	"162289"	NA	"bv-associated"
"Eggerthella"	"Eggerthella"	"Bacteria|Coriobacteriia|Eggerthellales|Eggerthellaceae|Eggerthella|NA"	"2"	"201174"	"84998"	"1643822"	"1643826"	"84111"	NA	NA
"Finegoldia"	"Finegoldia"	"Bacteria|Tissierellia|Tissierellales|Peptoniphilaceae|Finegoldia|NA"	"2"	"1239"	"1737404"	"1737405"	"1570339"	"150022"	NA	NA
"Proteobacteria_12"	"Proteobacteria_12"	"Bacteria|NA|NA|NA|NA|NA"	"2"	NA	NA	NA	NA	NA	NA	NA
"Ruminococcaceae_3"	"Ruminococcaceae_3"	"Bacteria|Clostridia|Eubacteriales|Oscillospiraceae|NA|NA"	"2"	"1239"	"186801"	"186802"	"216572"	NA	NA	NA
"Ureaplasma"	"Ureaplasma"	"Bacteria|Mollicutes|Mycoplasmatales|Mycoplasmataceae|Ureaplasma|NA"	"2"	"544448"	"31969"	"2085"	"2092"	"2129"	NA	NA
"Mycoplasmataceae_1"	"Mycoplasmataceae_1"	"Bacteria|Mollicutes|Mycoplasmatales|Mycoplasmataceae|NA|NA"	"2"	"544448"	"31969"	"2085"	"2092"	NA	NA	NA
"Aerococcus"	"Aerococcus"	"Bacteria|Bacilli|Lactobacillales|Aerococcaceae|Aerococcus|NA"	"2"	"1239"	"91061"	"186826"	"186827"	"1375"	NA	"bv-associated"
"Parvimonas"	"Parvimonas"	"Bacteria|Tissierellia|Tissierellales|Peptoniphilaceae|Parvimonas|NA"	"2"	"1239"	"1737404"	"1737405"	"1570339"	"543311"	NA	NA
"Staphylococcus"	"Staphylococcus"	"Bacteria|Bacilli|Bacillales|Staphylococcaceae|Staphylococcus|NA"	"2"	"1239"	"91061"	"1385"	"90964"	"1279"	NA	"bv-associated"
"Corynebacterium"	"Corynebacterium"	"Bacteria|Actinomycetia|Corynebacteriales|Corynebacteriaceae|Corynebacterium|NA"	"2"	"201174"	"1760"	"85007"	"1653"	"1716"	NA	"bv-associated"
"Veillonella"	"Veillonella"	"Bacteria|Negativicutes|Veillonellales|Veillonellaceae|Veillonella|NA"	"2"	"1239"	"909932"	"1843489"	"31977"	"29465"	NA	"bv-associated"
"Lactobacillus vaginalis"	"Lactobacillus vaginalis"	"Bacteria|Bacilli|Lactobacillales|Lactobacillaceae|Limosilactobacillus|Limosilactobacillus vaginalis"	"2"	"1239"	"91061"	"186826"	"33958"	"2742598"	"1633"	NA
"Gardnerella"	"Gardnerella"	"Bacteria|Actinomycetia|Bifidobacteriales|Bifidobacteriaceae|Gardnerella|NA"	"2"	"201174"	"1760"	"85004"	"31953"	"2701"	NA	"bv-associated"
"Bacteroides"	"Bacteroides"	"Bacteria|Bacteroidia|Bacteroidales|Bacteroidaceae|Bacteroides|NA"	"2"	"976"	"200643"	"171549"	"815"	"816"	NA	NA
"Prevotellaceae_2"	"Prevotellaceae_2"	"Bacteria|Bacteroidia|Bacteroidales|Prevotellaceae|NA|NA"	"2"	"976"	"200643"	"171549"	"171552"	NA	NA	NA
"Peptostreptococcus"	"Peptostreptococcus"	"Bacteria|Clostridia|Eubacteriales|Peptostreptococcaceae|Peptostreptococcus|NA"	"2"	"1239"	"186801"	"186802"	"186804"	"1257"	NA	"bv-associated"
"Mobiluncus"	"Mobiluncus"	"Bacteria|Actinomycetia|Actinomycetales|Actinomycetaceae|Mobiluncus|NA"	"2"	"201174"	"1760"	"2037"	"2049"	"2050"	NA	"bv-associated"
"Pasteurella"	"Pasteurella"	"Bacteria|Gammaproteobacteria|Pasteurellales|Pasteurellaceae|Pasteurella|NA"	"2"	"1224"	"1236"	"135625"	"712"	"745"	NA	NA
"Porphyromonas"	"Porphyromonas"	"Bacteria|Bacteroidia|Bacteroidales|Porphyromonadaceae|Porphyromonas|NA"	"2"	"976"	"200643"	"171549"	"171551"	"836"	NA	NA
"Lactobacillus_1"	"Lactobacillus_1"	"Bacteria|Bacilli|Lactobacillales|Lactobacillaceae|Lactobacillus|NA"	"2"	"1239"	"91061"	"186826"	"33958"	"1578"	NA	"hv-associated"
"Clostridiales_17"	"Clostridiales_17"	"Bacteria|Clostridia|Eubacteriales|NA|NA|NA"	"2"	"1239"	"186801"	"186802"	NA	NA	NA	NA
"Klebsiella"	"Klebsiella"	"Bacteria|Gammaproteobacteria|Enterobacterales|Enterobacteriaceae|Klebsiella|NA"	"2"	"1224"	"1236"	"91347"	"543"	"570"	NA	NA
"Lactobacillales_2"	"Lactobacillales_2"	"Bacteria|Bacilli|Lactobacillales|NA|NA|NA"	"2"	"1239"	"91061"	"186826"	NA	NA	NA	NA
"Gemella"	"Gemella"	"Bacteria|Bacilli|Bacillales|NA|Gemella|NA"	"2"	"1239"	"91061"	"1385"	NA	"1378"	NA	"bv-associated"
"Ruminococcaceae_4"	"Ruminococcaceae_4"	"Bacteria|Clostridia|Eubacteriales|Oscillospiraceae|NA|NA"	"2"	"1239"	"186801"	"186802"	"216572"	NA	NA	NA
"Lactobacillales_5"	"Lactobacillales_5"	"Bacteria|Bacilli|Lactobacillales|NA|NA|NA"	"2"	"1239"	"91061"	"186826"	NA	NA	NA	NA
"Ruminococcaceae_Incertae_Sedis"	"Ruminococcaceae_Incertae_Sedis"	"Bacteria|Clostridia|Eubacteriales|Oscillospiraceae|NA|NA"	"2"	"1239"	"186801"	"186802"	"216572"	NA	NA	NA
"Lactobacillales_6"	"Lactobacillales_6"	"Bacteria|Bacilli|Lactobacillales|NA|NA|NA"	"2"	"1239"	"91061"	"186826"	NA	NA	NA	NA
"Campylobacter"	"Campylobacter"	"Bacteria|Epsilonproteobacteria|Campylobacterales|Campylobacteraceae|Campylobacter|NA"	"2"	"1224"	"29547"	"213849"	"72294"	"194"	NA	NA
"Fusobacterium"	"Fusobacterium"	"Bacteria|Fusobacteriia|Fusobacteriales|Fusobacteriaceae|Fusobacterium|NA"	"2"	"32066"	"203490"	"203491"	"203492"	"848"	NA	"bv-associated"
"Lactobacillus_4"	"Lactobacillus_4"	"Bacteria|Bacilli|Lactobacillales|Lactobacillaceae|Lactobacillus|NA"	"2"	"1239"	"91061"	"186826"	"33958"	"1578"	NA	"hv-associated"
"Lachnospiraceae_Incertae_Sedis"	"Lachnospiraceae_Incertae_Sedis"	"Bacteria|Clostridia|Eubacteriales|Lachnospiraceae|NA|NA"	"2"	"1239"	"186801"	"186802"	"186803"	NA	NA	NA
"Lachnospiraceae_7"	"Lachnospiraceae_7"	"Bacteria|Clostridia|Eubacteriales|Lachnospiraceae|NA|NA"	"2"	"1239"	"186801"	"186802"	"186803"	NA	NA	NA
"Actinomyces"	"Actinomyces"	"Bacteria|Actinomycetia|Actinomycetales|Actinomycetaceae|Actinomyces|NA"	"2"	"201174"	"1760"	"2037"	"2049"	NA	NA	"bv-associated"
"Moryella"	"Moryella"	"Bacteria|Clostridia|Eubacteriales|Lachnospiraceae|Moryella|NA"	"2"	"1239"	"186801"	"186802"	"186803"	"437755"	NA	NA
"Bacteroidetes_8"	"Bacteroidetes_8"	"Bacteria|NA|NA|NA|NA|NA"	"2"	NA	NA	NA	NA	NA	NA	NA
"Anaeroglobus"	"Anaeroglobus"	"Bacteria|Negativicutes|Veillonellales|Veillonellaceae|Anaeroglobus|NA"	"2"	"1239"	"909932"	"1843489"	"31977"	"156454"	NA	NA
"Propionibacterium"	"Propionibacterium"	"Bacteria|Actinomycetia|Propionibacteriales|Propionibacteriaceae|Propionibacterium|NA"	"2"	"201174"	"1760"	"85009"	"31957"	"1743"	NA	"bv-associated"
"Bifidobacterium"	"Bifidobacterium"	"Bacteria|Actinomycetia|Bifidobacteriales|Bifidobacteriaceae|Bifidobacterium|NA"	"2"	"201174"	"1760"	"85004"	"31953"	"1678"	NA	"bv-associated"
"Lachnospiraceae_4"	"Lachnospiraceae_4"	"Bacteria|Clostridia|Eubacteriales|Lachnospiraceae|NA|NA"	"2"	"1239"	"186801"	"186802"	"186803"	NA	NA	NA
"Varibaculum"	"Varibaculum"	"Bacteria|Actinomycetia|Actinomycetales|Actinomycetaceae|Varibaculum|NA"	"2"	"201174"	"1760"	"2037"	"2049"	"184869"	NA	NA
"Prevotellaceae_1"	"Prevotellaceae_1"	"Bacteria|Bacteroidia|Bacteroidales|Prevotellaceae|NA|NA"	"2"	"976"	"200643"	"171549"	"171552"	NA	NA	NA
"Lactobacillus_2"	"Lactobacillus_2"	"Bacteria|Bacilli|Lactobacillales|Lactobacillaceae|Lactobacillus|NA"	"2"	"1239"	"91061"	"186826"	"33958"	"1578"	NA	"hv-associated"
"Exiguobacterium"	"Exiguobacterium"	"Bacteria|Bacilli|Bacillales|NA|Exiguobacterium|NA"	"2"	"1239"	"91061"	"1385"	NA	"33986"	NA	NA
"Proteobacteria_1"	"Proteobacteria_1"	"Bacteria|NA|NA|NA|NA|NA"	"2"	NA	NA	NA	NA	NA	NA	NA
"Bacteroidales_1"	"Bacteroidales_1"	"Bacteria|Bacteroidia|Bacteroidales|NA|NA|NA"	"2"	"976"	"200643"	"171549"	NA	NA	NA	NA
"Enterobacter"	"Enterobacter"	"Bacteria|Gammaproteobacteria|Enterobacterales|Enterobacteriaceae|Enterobacter|NA"	"2"	"1224"	"1236"	"91347"	"543"	"547"	NA	NA
"Facklamia"	"Facklamia"	"Bacteria|Bacilli|Lactobacillales|Aerococcaceae|Facklamia|NA"	"2"	"1239"	"91061"	"186826"	"186827"	"66831"	NA	NA
"Segniliparus"	"Segniliparus"	"Bacteria|Actinomycetia|Corynebacteriales|Segniliparaceae|Segniliparus|NA"	"2"	"201174"	"1760"	"85007"	"316606"	"286801"	NA	NA
"Rothia"	"Rothia"	"Bacteria|Actinomycetia|Micrococcales|Micrococcaceae|Rothia|NA"	"2"	"201174"	"1760"	"85006"	"1268"	"32207"	NA	NA
"Proteobacteria_2"	"Proteobacteria_2"	"Bacteria|NA|NA|NA|NA|NA"	"2"	NA	NA	NA	NA	NA	NA	NA
"Peptococcus"	"Peptococcus"	"Bacteria|Clostridia|Eubacteriales|Peptococcaceae|Peptococcus|NA"	"2"	"1239"	"186801"	"186802"	"186807"	"2740"	NA	NA
"Enterococcus"	"Enterococcus"	"Bacteria|Bacilli|Lactobacillales|Enterococcaceae|Enterococcus|NA"	"2"	"1239"	"91061"	"186826"	"81852"	"1350"	NA	"bv-associated"
"Arcanobacterium"	"Arcanobacterium"	"Bacteria|Actinomycetia|Actinomycetales|Actinomycetaceae|Arcanobacterium|NA"	"2"	"201174"	"1760"	"2037"	"2049"	"28263"	NA	NA
"Dethiosulfovibrio"	"Dethiosulfovibrio"	"Bacteria|Synergistia|Synergistales|Synergistaceae|Dethiosulfovibrio|NA"	"2"	"508458"	"649775"	"649776"	"649777"	"47054"	NA	NA
"Brevibacterium"	"Brevibacterium"	"Bacteria|Actinomycetia|Micrococcales|Brevibacteriaceae|Brevibacterium|NA"	"2"	"201174"	"1760"	"85006"	"85019"	"1696"	NA	"bv-associated"
"Lactobacillales_7"	"Lactobacillales_7"	"Bacteria|Bacilli|Lactobacillales|NA|NA|NA"	"2"	"1239"	"91061"	"186826"	NA	NA	NA	NA
"Lactobacillales_1"	"Lactobacillales_1"	"Bacteria|Bacilli|Lactobacillales|NA|NA|NA"	"2"	"1239"	"91061"	"186826"	NA	NA	NA	NA
"Flavobacteriaceae_4"	"Flavobacteriaceae_4"	"Bacteria|Flavobacteriia|Flavobacteriales|Flavobacteriaceae|NA|NA"	"2"	"976"	"117743"	"200644"	"49546"	NA	NA	NA
"Lactobacillus_3"	"Lactobacillus_3"	"Bacteria|Bacilli|Lactobacillales|Lactobacillaceae|Lactobacillus|NA"	"2"	"1239"	"91061"	"186826"	"33958"	"1578"	NA	"hv-associated"
"Enterobacteriaceae_1"	"Enterobacteriaceae_1"	"Bacteria|Gammaproteobacteria|Enterobacterales|Enterobacteriaceae|NA|NA"	"2"	"1224"	"1236"	"91347"	"543"	NA	NA	NA
"Coriobacteriaceae_2"	"Coriobacteriaceae_2"	"Bacteria|Coriobacteriia|Coriobacteriales|Coriobacteriaceae|NA|NA"	"2"	"201174"	"84998"	"84999"	"84107"	NA	NA	NA
"Bulleidia"	"Bulleidia"	"Bacteria|Erysipelotrichia|Erysipelotrichales|Erysipelotrichaceae|Bulleidia|NA"	"2"	"1239"	"526524"	"526525"	"128827"	"118747"	NA	NA
"Clostridium"	"Clostridium"	"Bacteria|Clostridia|Eubacteriales|Clostridiaceae|Clostridium|NA"	"2"	"1239"	"186801"	"186802"	"31979"	"1485"	NA	NA
"Lachnospiraceae_9"	"Lachnospiraceae_9"	"Bacteria|Clostridia|Eubacteriales|Lachnospiraceae|NA|NA"	"2"	"1239"	"186801"	"186802"	"186803"	NA	NA	NA
"Arthrobacter"	"Arthrobacter"	"Bacteria|Actinomycetia|Micrococcales|Micrococcaceae|Arthrobacter|NA"	"2"	"201174"	"1760"	"85006"	"1268"	"1663"	NA	NA
"Sutterella"	"Sutterella"	"Bacteria|Betaproteobacteria|Burkholderiales|Sutterellaceae|Sutterella|NA"	"2"	"1224"	"28216"	"80840"	"995019"	"40544"	NA	NA
"Neisseria"	"Neisseria"	"Bacteria|Betaproteobacteria|Neisseriales|Neisseriaceae|Neisseria|NA"	"2"	"1224"	"28216"	"206351"	"481"	"482"	NA	NA
"Coriobacteriaceae_1"	"Coriobacteriaceae_1"	"Bacteria|Coriobacteriia|Coriobacteriales|Coriobacteriaceae|NA|NA"	"2"	"201174"	"84998"	"84999"	"84107"	NA	NA	NA
"Citrobacter"	"Citrobacter"	"Bacteria|Gammaproteobacteria|Enterobacterales|Enterobacteriaceae|Citrobacter|NA"	"2"	"1224"	"1236"	"91347"	"543"	"544"	NA	NA
"Dorea"	"Dorea"	"Bacteria|Clostridia|Eubacteriales|Lachnospiraceae|Dorea|NA"	"2"	"1239"	"186801"	"186802"	"186803"	"189330"	NA	NA
"Lactococcus"	"Lactococcus"	"Bacteria|Bacilli|Lactobacillales|Streptococcaceae|Lactococcus|NA"	"2"	"1239"	"91061"	"186826"	"1300"	"1357"	NA	NA
"Lachnospiraceae_6"	"Lachnospiraceae_6"	"Bacteria|Clostridia|Eubacteriales|Lachnospiraceae|NA|NA"	"2"	"1239"	"186801"	"186802"	"186803"	NA	NA	NA
"Granulicatella"	"Granulicatella"	"Bacteria|Bacilli|Lactobacillales|Carnobacteriaceae|Granulicatella|NA"	"2"	"1239"	"91061"	"186826"	"186828"	"117563"	NA	NA
"Clostridiales_1"	"Clostridiales_1"	"Bacteria|Clostridia|Eubacteriales|NA|NA|NA"	"2"	"1239"	"186801"	"186802"	NA	NA	NA	NA
"Alistipes"	"Alistipes"	"Bacteria|Bacteroidia|Bacteroidales|Rikenellaceae|Alistipes|NA"	"2"	"976"	"200643"	"171549"	"171550"	"239759"	NA	NA
"Bacteroidetes_12"	"Bacteroidetes_12"	"Bacteria|NA|NA|NA|NA|NA"	"2"	NA	NA	NA	NA	NA	NA	NA
"Bacteria_4"	"Bacteria_4"	"Bacteria|NA|NA|NA|NA|NA"	"2"	NA	NA	NA	NA	NA	NA	NA
"Actinobaculum"	"Actinobaculum"	"Bacteria|Actinomycetia|Actinomycetales|Actinomycetaceae|Actinobaculum|NA"	"2"	"201174"	"1760"	"2037"	"2049"	"76833"	NA	NA
"Enterobacteriaceae_5"	"Enterobacteriaceae_5"	"Bacteria|Gammaproteobacteria|Enterobacterales|Enterobacteriaceae|NA|NA"	"2"	"1224"	"1236"	"91347"	"543"	NA	NA	NA
"Clostridiales_15"	"Clostridiales_15"	"Bacteria|Clostridia|Eubacteriales|NA|NA|NA"	"2"	"1239"	"186801"	"186802"	NA	NA	NA	NA
"Oerskovia"	"Oerskovia"	"Bacteria|Actinomycetia|Micrococcales|Cellulomonadaceae|Oerskovia|NA"	"2"	"201174"	"1760"	"85006"	"85016"	"162491"	NA	NA
"Bacteroidetes_5"	"Bacteroidetes_5"	"Bacteria|NA|NA|NA|NA|NA"	"2"	NA	NA	NA	NA	NA	NA	NA
"Lachnospiraceae_2"	"Lachnospiraceae_2"	"Bacteria|Clostridia|Eubacteriales|Lachnospiraceae|NA|NA"	"2"	"1239"	"186801"	"186802"	"186803"	NA	NA	NA
"Lachnospiraceae_1"	"Lachnospiraceae_1"	"Bacteria|Clostridia|Eubacteriales|Lachnospiraceae|NA|NA"	"2"	"1239"	"186801"	"186802"	"186803"	NA	NA	NA
"Ruminococcus"	"Ruminococcus"	"Bacteria|Clostridia|Eubacteriales|Oscillospiraceae|Ruminococcus|NA"	"2"	"1239"	"186801"	"186802"	"216572"	"1263"	NA	NA
"Scardovia"	"Scardovia"	"Bacteria|Actinomycetia|Bifidobacteriales|Bifidobacteriaceae|Scardovia|NA"	"2"	"201174"	"1760"	"85004"	"31953"	"196081"	NA	NA
"Anaerovorax"	"Anaerovorax"	"Bacteria|Clostridia|Eubacteriales|Eubacteriales Family XIII. Incertae Sedis|Anaerovorax|NA"	"2"	"1239"	"186801"	"186802"	"543314"	"109326"	NA	NA
"Propionimicrobium"	"Propionimicrobium"	"Bacteria|Actinomycetia|Propionibacteriales|Propionibacteriaceae|Propionimicrobium|NA"	"2"	"201174"	"1760"	"85009"	"31957"	"203133"	NA	NA
"Fastidiosipila"	"Fastidiosipila"	"Bacteria|Clostridia|Eubacteriales|Oscillospiraceae|Fastidiosipila|NA"	"2"	"1239"	"186801"	"186802"	"216572"	"236752"	NA	NA
"Stenotrophomonas"	"Stenotrophomonas"	"Bacteria|Gammaproteobacteria|Xanthomonadales|Xanthomonadaceae|Stenotrophomonas|NA"	"2"	"1224"	"1236"	"135614"	"32033"	NA	NA	NA
"Megamonas"	"Megamonas"	"Bacteria|Negativicutes|Selenomonadales|Selenomonadaceae|Megamonas|NA"	"2"	"1239"	"909932"	"909929"	"1843491"	"158846"	NA	NA
"Enterobacteriaceae_8"	"Enterobacteriaceae_8"	"Bacteria|Gammaproteobacteria|Enterobacterales|Enterobacteriaceae|NA|NA"	"2"	"1224"	"1236"	"91347"	"543"	NA	NA	NA
"Pseudomonas"	"Pseudomonas"	"Bacteria|Gammaproteobacteria|Pseudomonadales|Pseudomonadaceae|Pseudomonas|NA"	"2"	"1224"	"1236"	"72274"	"135621"	"286"	NA	NA
"Roseburia"	"Roseburia"	"Bacteria|Clostridia|Eubacteriales|Lachnospiraceae|Roseburia|NA"	"2"	"1239"	"186801"	"186802"	"186803"	"841"	NA	NA
"Gallicola"	"Gallicola"	"Bacteria|Tissierellia|Tissierellales|Peptoniphilaceae|Gallicola|NA"	"2"	"1239"	"1737404"	"1737405"	"1570339"	"162290"	NA	NA
"Haemophilus"	"Haemophilus"	"Bacteria|Gammaproteobacteria|Pasteurellales|Pasteurellaceae|Haemophilus|NA"	"2"	"1224"	"1236"	"135625"	"712"	"724"	NA	NA
"Bacteroidetes_1"	"Bacteroidetes_1"	"Bacteria|NA|NA|NA|NA|NA"	"2"	NA	NA	NA	NA	NA	NA	NA
"Parabacteroides"	"Parabacteroides"	"Bacteria|Bacteroidia|Bacteroidales|Tannerellaceae|Parabacteroides|NA"	"2"	"976"	"200643"	"171549"	"2005525"	"375288"	NA	NA
"Acidovorax"	"Acidovorax"	"Bacteria|Betaproteobacteria|Burkholderiales|Comamonadaceae|Acidovorax|NA"	"2"	"1224"	"28216"	"80840"	"80864"	"12916"	NA	NA
"Kocuria"	"Kocuria"	"Bacteria|Actinomycetia|Micrococcales|Micrococcaceae|Kocuria|NA"	"2"	"201174"	"1760"	"85006"	"1268"	"57493"	NA	NA
"Helcococcus"	"Helcococcus"	"Bacteria|Tissierellia|Tissierellales|Peptoniphilaceae|Helcococcus|NA"	"2"	"1239"	"1737404"	"1737405"	"1570339"	"31983"	NA	NA
"Acinetobacter"	"Acinetobacter"	"Bacteria|Gammaproteobacteria|Moraxellales|Moraxellaceae|Acinetobacter|NA"	"2"	"1224"	"1236"	"2887326"	"468"	"469"	NA	NA
"Clostridiales_6"	"Clostridiales_6"	"Bacteria|Clostridia|Eubacteriales|NA|NA|NA"	"2"	"1239"	"186801"	"186802"	NA	NA	NA	NA
"Serratia"	"Serratia"	"Bacteria|Gammaproteobacteria|Enterobacterales|Yersiniaceae|Serratia|NA"	"2"	"1224"	"1236"	"91347"	"1903411"	"613"	NA	NA
"Coprobacillus"	"Coprobacillus"	"Bacteria|Erysipelotrichia|Erysipelotrichales|Coprobacillaceae|Coprobacillus|NA"	"2"	"1239"	"526524"	"526525"	"2810280"	"100883"	NA	NA
"Burkholderiales_2"	"Burkholderiales_2"	"Bacteria|Betaproteobacteria|Burkholderiales|NA|NA|NA"	"2"	"1224"	"28216"	"80840"	NA	NA	NA	NA
"Atopobacter"	"Atopobacter"	"Bacteria|Bacilli|Lactobacillales|Carnobacteriaceae|Atopobacter|NA"	"2"	"1239"	"91061"	"186826"	"186828"	"136491"	NA	NA
"Subdoligranulum"	"Subdoligranulum"	"Bacteria|Clostridia|Eubacteriales|Oscillospiraceae|Subdoligranulum|NA"	"2"	"1239"	"186801"	"186802"	"216572"	"292632"	NA	NA
"Coriobacteriaceae_3"	"Coriobacteriaceae_3"	"Bacteria|Coriobacteriia|Coriobacteriales|Coriobacteriaceae|NA|NA"	"2"	"201174"	"84998"	"84999"	"84107"	NA	NA	NA
"Clostridiales_11"	"Clostridiales_11"	"Bacteria|Clostridia|Eubacteriales|NA|NA|NA"	"2"	"1239"	"186801"	"186802"	NA	NA	NA	NA
"Bacteroidales_2"	"Bacteroidales_2"	"Bacteria|Bacteroidia|Bacteroidales|NA|NA|NA"	"2"	"976"	"200643"	"171549"	NA	NA	NA	NA
"Bacteroidetes_7"	"Bacteroidetes_7"	"Bacteria|NA|NA|NA|NA|NA"	"2"	NA	NA	NA	NA	NA	NA	NA
"Clostridiales_4"	"Clostridiales_4"	"Bacteria|Clostridia|Eubacteriales|NA|NA|NA"	"2"	"1239"	"186801"	"186802"	NA	NA	NA	NA
"Sphingomonas"	"Sphingomonas"	"Bacteria|Alphaproteobacteria|Sphingomonadales|Sphingomonadaceae|Sphingomonas|NA"	"2"	"1224"	"28211"	"204457"	"41297"	"13687"	NA	NA
"TM7_genera_incertae_sedis"	"TM7_genera_incertae_sedis"	"Bacteria|NA|NA|NA|NA|NA"	"2"	NA	NA	NA	NA	NA	NA	NA
"Collinsella"	"Collinsella"	"Bacteria|Coriobacteriia|Coriobacteriales|Coriobacteriaceae|Collinsella|NA"	"2"	"201174"	"84998"	"84999"	"84107"	"102106"	NA	NA
"Erysipelotrichaceae_Incertae_Sedis"	"Erysipelotrichaceae_Incertae_Sedis"	"Bacteria|Erysipelotrichia|Erysipelotrichales|Erysipelotrichaceae|NA|NA"	"2"	"1239"	"526524"	"526525"	"128827"	NA	NA	NA
"Bacillus_j"	"Bacillus_j"	"Bacteria|Bacilli|Bacillales|Bacillaceae|Bacillus|NA"	"2"	"1239"	"91061"	"1385"	"186817"	"1386"	NA	"bv-associated"
"Coprococcus"	"Coprococcus"	"Bacteria|Clostridia|Eubacteriales|Lachnospiraceae|Coprococcus|NA"	"2"	"1239"	"186801"	"186802"	"186803"	"33042"	NA	NA
"Skermanella"	"Skermanella"	"Bacteria|Alphaproteobacteria|Rhodospirillales|Azospirillaceae|Skermanella|NA"	"2"	"1224"	"28211"	"204441"	"2829815"	"204447"	NA	NA
"Ruminococcaceae_2"	"Ruminococcaceae_2"	"Bacteria|Clostridia|Eubacteriales|Oscillospiraceae|NA|NA"	"2"	"1239"	"186801"	"186802"	"216572"	NA	NA	NA
"GpI"	"GpI"	"NA|NA|NA|NA|NA|NA"	NA	NA	NA	NA	NA	NA	NA	NA
"Neisseriaceae_1"	"Neisseriaceae_1"	"Bacteria|Betaproteobacteria|Neisseriales|Neisseriaceae|NA|NA"	"2"	"1224"	"28216"	"206351"	"481"	NA	NA	NA
"Bacteroidetes_3"	"Bacteroidetes_3"	"Bacteria|NA|NA|NA|NA|NA"	"2"	NA	NA	NA	NA	NA	NA	NA
"Lachnospiraceae_5"	"Lachnospiraceae_5"	"Bacteria|Clostridia|Eubacteriales|Lachnospiraceae|NA|NA"	"2"	"1239"	"186801"	"186802"	"186803"	NA	NA	NA
"Peptostreptococcaceae_Incertae_Sedis"	"Peptostreptococcaceae_Incertae_Sedis"	"Bacteria|Clostridia|Eubacteriales|Peptostreptococcaceae|NA|NA"	"2"	"1239"	"186801"	"186802"	"186804"	NA	NA	NA
"Capnocytophaga"	"Capnocytophaga"	"Bacteria|Flavobacteriia|Flavobacteriales|Flavobacteriaceae|Capnocytophaga|NA"	"2"	"976"	"117743"	"200644"	"49546"	"1016"	NA	NA
"Betaproteobacteria_3"	"Betaproteobacteria_3"	"Bacteria|Betaproteobacteria|NA|NA|NA|NA"	"2"	"1224"	"28216"	NA	NA	NA	NA	NA
"Bacteria_17"	"Bacteria_17"	"Bacteria|NA|NA|NA|NA|NA"	"2"	NA	NA	NA	NA	NA	NA	NA
"Clostridiales_16"	"Clostridiales_16"	"Bacteria|Clostridia|Eubacteriales|NA|NA|NA"	"2"	"1239"	"186801"	"186802"	NA	NA	NA	NA
"Dermabacter"	"Dermabacter"	"Bacteria|Actinomycetia|Micrococcales|Dermabacteraceae|Dermabacter|NA"	"2"	"201174"	"1760"	"85006"	"85020"	"36739"	NA	NA
"Bacteria_22"	"Bacteria_22"	"Bacteria|NA|NA|NA|NA|NA"	"2"	NA	NA	NA	NA	NA	NA	NA
"Slackia"	"Slackia"	"Bacteria|Coriobacteriia|Eggerthellales|Eggerthellaceae|Slackia|NA"	"2"	"201174"	"84998"	"1643822"	"1643826"	"84108"	NA	NA
"Bacteria_19"	"Bacteria_19"	"Bacteria|NA|NA|NA|NA|NA"	"2"	NA	NA	NA	NA	NA	NA	NA
"Micrococcus"	"Micrococcus"	"Bacteria|Actinomycetia|Micrococcales|Micrococcaceae|Micrococcus|NA"	"2"	"201174"	"1760"	"85006"	"1268"	"1269"	NA	"bv-associated"
"Clostridiales_8"	"Clostridiales_8"	"Bacteria|Clostridia|Eubacteriales|NA|NA|NA"	"2"	"1239"	"186801"	"186802"	NA	NA	NA	NA
"Enterobacteriaceae_7"	"Enterobacteriaceae_7"	"Bacteria|Gammaproteobacteria|Enterobacterales|Enterobacteriaceae|NA|NA"	"2"	"1224"	"1236"	"91347"	"543"	NA	NA	NA
"Bacteria_5"	"Bacteria_5"	"Bacteria|NA|NA|NA|NA|NA"	"2"	NA	NA	NA	NA	NA	NA	NA
"Clostridiales_2"	"Clostridiales_2"	"Bacteria|Clostridia|Eubacteriales|NA|NA|NA"	"2"	"1239"	"186801"	"186802"	NA	NA	NA	NA
"Bacteria_15"	"Bacteria_15"	"Bacteria|NA|NA|NA|NA|NA"	"2"	NA	NA	NA	NA	NA	NA	NA
"Ruminococcaceae_1"	"Ruminococcaceae_1"	"Bacteria|Clostridia|Eubacteriales|Oscillospiraceae|NA|NA"	"2"	"1239"	"186801"	"186802"	"216572"	NA	NA	NA
"Paenibacillus"	"Paenibacillus"	"Bacteria|Bacilli|Bacillales|Paenibacillaceae|Paenibacillus|NA"	"2"	"1239"	"91061"	"1385"	"186822"	"44249"	NA	NA
"Flavobacterium"	"Flavobacterium"	"Bacteria|Flavobacteriia|Flavobacteriales|Flavobacteriaceae|Flavobacterium|NA"	"2"	"976"	"117743"	"200644"	"49546"	"237"	NA	NA
"Flexibacteraceae_2"	"Flexibacteraceae_2"	"Bacteria|Cytophagia|Cytophagales|Flexibacteraceae|NA|NA"	"2"	"976"	"768503"	"768507"	"2762284"	NA	NA	NA
"Bacteria_12"	"Bacteria_12"	"Bacteria|NA|NA|NA|NA|NA"	"2"	NA	NA	NA	NA	NA	NA	NA
"Janthinobacterium"	"Janthinobacterium"	"Bacteria|Betaproteobacteria|Burkholderiales|Oxalobacteraceae|Janthinobacterium|NA"	"2"	"1224"	"28216"	"80840"	"75682"	"29580"	NA	NA
"Succinispira"	"Succinispira"	"Bacteria|Negativicutes|Acidaminococcales|Acidaminococcaceae|Succinispira|NA"	"2"	"1239"	"909932"	"1843488"	"909930"	"78119"	NA	NA
"Salmonella"	"Salmonella"	"Bacteria|Gammaproteobacteria|Enterobacterales|Enterobacteriaceae|Salmonella|NA"	"2"	"1224"	"1236"	"91347"	"543"	"590"	NA	NA
"Ruminococcaceae_6"	"Ruminococcaceae_6"	"Bacteria|Clostridia|Eubacteriales|Oscillospiraceae|NA|NA"	"2"	"1239"	"186801"	"186802"	"216572"	NA	NA	NA
"Bacteria_23"	"Bacteria_23"	"Bacteria|NA|NA|NA|NA|NA"	"2"	NA	NA	NA	NA	NA	NA	NA
"Firmicutes_3"	"Firmicutes_3"	"Bacteria|NA|NA|NA|NA|NA"	"2"	NA	NA	NA	NA	NA	NA	NA
"Enterobacteriaceae_2"	"Enterobacteriaceae_2"	"Bacteria|Gammaproteobacteria|Enterobacterales|Enterobacteriaceae|NA|NA"	"2"	"1224"	"1236"	"91347"	"543"	NA	NA	NA
"Incertae_sedis_5_2"	"Incertae_sedis_5_2"	"Bacteria|NA|NA|NA|NA|NA"	"2"	NA	NA	NA	NA	NA	NA	NA
"GpIX"	"GpIX"	"NA|NA|NA|NA|NA|NA"	NA	NA	NA	NA	NA	NA	NA	NA
"Proteobacteria_9"	"Proteobacteria_9"	"Bacteria|NA|NA|NA|NA|NA"	"2"	NA	NA	NA	NA	NA	NA	NA
"Bacteria_6"	"Bacteria_6"	"Bacteria|NA|NA|NA|NA|NA"	"2"	NA	NA	NA	NA	NA	NA	NA
"Proteobacteria_13"	"Proteobacteria_13"	"Bacteria|NA|NA|NA|NA|NA"	"2"	NA	NA	NA	NA	NA	NA	NA
"Bacteroidetes_11"	"Bacteroidetes_11"	"Bacteria|NA|NA|NA|NA|NA"	"2"	NA	NA	NA	NA	NA	NA	NA
"Lachnospiraceae_3"	"Lachnospiraceae_3"	"Bacteria|Clostridia|Eubacteriales|Lachnospiraceae|NA|NA"	"2"	"1239"	"186801"	"186802"	"186803"	NA	NA	NA
"Fusobacteriaceae_1"	"Fusobacteriaceae_1"	"Bacteria|Fusobacteriia|Fusobacteriales|Fusobacteriaceae|NA|NA"	"2"	"32066"	"203490"	"203491"	"203492"	NA	NA	NA
"Duganella"	"Duganella"	"Bacteria|Betaproteobacteria|Burkholderiales|Oxalobacteraceae|Duganella|NA"	"2"	"1224"	"28216"	"80840"	"75682"	"75654"	NA	NA
"Bacteroidetes_4"	"Bacteroidetes_4"	"Bacteria|NA|NA|NA|NA|NA"	"2"	NA	NA	NA	NA	NA	NA	NA
"Luteococcus"	"Luteococcus"	"Bacteria|Actinomycetia|Propionibacteriales|Propionibacteriaceae|Luteococcus|NA"	"2"	"201174"	"1760"	"85009"	"31957"	"33983"	NA	NA
"Firmicutes_2"	"Firmicutes_2"	"Bacteria|NA|NA|NA|NA|NA"	"2"	NA	NA	NA	NA	NA	NA	NA
"Catenibacterium"	"Catenibacterium"	"Bacteria|Erysipelotrichia|Erysipelotrichales|Coprobacillaceae|Catenibacterium|NA"	"2"	"1239"	"526524"	"526525"	"2810280"	"135858"	NA	NA
"SR1_genera_incertae_sedis"	"SR1_genera_incertae_sedis"	"NA|NA|NA|NA|NA|NA"	NA	NA	NA	NA	NA	NA	NA	NA
"Crenotrichaceae_1"	"Crenotrichaceae_1"	"Bacteria|Gammaproteobacteria|Methylococcales|Crenotrichaceae|NA|NA"	"2"	"1224"	"1236"	"135618"	"89377"	NA	NA	NA
"Dermabacteraceae_1"	"Dermabacteraceae_1"	"Bacteria|Actinomycetia|Micrococcales|Dermabacteraceae|NA|NA"	"2"	"201174"	"1760"	"85006"	"85020"	NA	NA	NA
"Pantoea"	"Pantoea"	"Bacteria|Gammaproteobacteria|Enterobacterales|Erwiniaceae|Pantoea|NA"	"2"	"1224"	"1236"	"91347"	"1903409"	"53335"	NA	NA
"Proteobacteria_11"	"Proteobacteria_11"	"Bacteria|NA|NA|NA|NA|NA"	"2"	NA	NA	NA	NA	NA	NA	NA
"Acidaminococcus"	"Acidaminococcus"	"Bacteria|Negativicutes|Acidaminococcales|Acidaminococcaceae|Acidaminococcus|NA"	"2"	"1239"	"909932"	"1843488"	"909930"	"904"	NA	NA
"Veillonellaceae_1"	"Veillonellaceae_1"	"Bacteria|Negativicutes|Veillonellales|Veillonellaceae|NA|NA"	"2"	"1239"	"909932"	"1843489"	"31977"	NA	NA	NA
"Flexibacteraceae_4"	"Flexibacteraceae_4"	"Bacteria|Cytophagia|Cytophagales|Flexibacteraceae|NA|NA"	"2"	"976"	"768503"	"768507"	"2762284"	NA	NA	NA
"Enhydrobacter"	"Enhydrobacter"	"Bacteria|Alphaproteobacteria|Hyphomicrobiales|NA|Enhydrobacter|NA"	"2"	"1224"	"28211"	"356"	NA	"212791"	NA	NA
"Firmicutes_4"	"Firmicutes_4"	"Bacteria|NA|NA|NA|NA|NA"	"2"	NA	NA	NA	NA	NA	NA	NA
"Clostridia_2"	"Clostridia_2"	"Bacteria|Clostridia|NA|NA|NA|NA"	"2"	NA	NA	NA	NA	NA	NA	NA
"Methylobacterium"	"Methylobacterium"	"Bacteria|Alphaproteobacteria|Hyphomicrobiales|Methylobacteriaceae|Methylobacterium|NA"	"2"	"1224"	"28211"	"356"	"119045"	"407"	NA	NA
"Bacilli_4"	"Bacilli_4"	"Bacteria|Bacilli|NA|NA|NA|NA"	"2"	NA	NA	NA	NA	NA	NA	NA
"Bacteria_8"	"Bacteria_8"	"Bacteria|NA|NA|NA|NA|NA"	"2"	NA	NA	NA	NA	NA	NA	NA
"Enterococcaceae_1"	"Enterococcaceae_1"	"Bacteria|Bacilli|Lactobacillales|Enterococcaceae|NA|NA"	"2"	"1239"	"91061"	"186826"	"81852"	NA	NA	NA
"Firmicutes_5"	"Firmicutes_5"	"Bacteria|NA|NA|NA|NA|NA"	"2"	NA	NA	NA	NA	NA	NA	NA
"Chryseobacterium"	"Chryseobacterium"	"Bacteria|Flavobacteriia|Flavobacteriales|Weeksellaceae|Chryseobacterium|NA"	"2"	"976"	"117743"	"200644"	"2762318"	"59732"	NA	NA
"Aquabacterium"	"Aquabacterium"	"Bacteria|Betaproteobacteria|Burkholderiales|NA|Aquabacterium|NA"	"2"	"1224"	"28216"	"80840"	NA	"92793"	NA	NA
"Jeotgalicoccus"	"Jeotgalicoccus"	"Bacteria|Bacilli|Bacillales|Staphylococcaceae|Jeotgalicoccus|NA"	"2"	"1239"	"91061"	"1385"	"90964"	"227979"	NA	NA
"Conchiformibius"	"Conchiformibius"	"Bacteria|Betaproteobacteria|Neisseriales|Neisseriaceae|Conchiformibius|NA"	"2"	"1224"	"28216"	"206351"	"481"	"334107"	NA	NA
"Proteobacteria_14"	"Proteobacteria_14"	"Bacteria|NA|NA|NA|NA|NA"	"2"	NA	NA	NA	NA	NA	NA	NA
"Bacteria_11"	"Bacteria_11"	"Bacteria|NA|NA|NA|NA|NA"	"2"	NA	NA	NA	NA	NA	NA	NA
"Bacteroidetes_9"	"Bacteroidetes_9"	"Bacteria|NA|NA|NA|NA|NA"	"2"	NA	NA	NA	NA	NA	NA	NA
"Rhodococcus"	"Rhodococcus"	"Bacteria|Actinomycetia|Corynebacteriales|Nocardiaceae|Rhodococcus|NA"	"2"	"201174"	"1760"	"85007"	"85025"	"1827"	NA	NA
"Flexibacteraceae_3"	"Flexibacteraceae_3"	"Bacteria|Cytophagia|Cytophagales|Flexibacteraceae|NA|NA"	"2"	"976"	"768503"	"768507"	"2762284"	NA	NA	NA
"Ruminococcaceae_5"	"Ruminococcaceae_5"	"Bacteria|Clostridia|Eubacteriales|Oscillospiraceae|NA|NA"	"2"	"1239"	"186801"	"186802"	"216572"	NA	NA	NA
"Actinobacillus"	"Actinobacillus"	"Bacteria|Gammaproteobacteria|Pasteurellales|Pasteurellaceae|Actinobacillus|NA"	"2"	"1224"	"1236"	"135625"	"712"	"713"	NA	NA
"Zimmermannella"	"Zimmermannella"	"Bacteria|Actinomycetia|Micrococcales|Microbacteriaceae|Pseudoclavibacter|NA"	"2"	"201174"	"1760"	"85006"	"85023"	"255204"	NA	NA
"Proteobacteria_15"	"Proteobacteria_15"	"Bacteria|NA|NA|NA|NA|NA"	"2"	NA	NA	NA	NA	NA	NA	NA
"Incertae_sedis_5_1"	"Incertae_sedis_5_1"	"Bacteria|NA|NA|NA|NA|NA"	"2"	NA	NA	NA	NA	NA	NA	NA
"Clostridiales_5"	"Clostridiales_5"	"Bacteria|Clostridia|Eubacteriales|NA|NA|NA"	"2"	"1239"	"186801"	"186802"	NA	NA	NA	NA
"OD1_genera_incertae_sedis"	"OD1_genera_incertae_sedis"	"NA|NA|NA|NA|NA|NA"	NA	NA	NA	NA	NA	NA	NA	NA
"Firmicutes_1"	"Firmicutes_1"	"Bacteria|NA|NA|NA|NA|NA"	"2"	NA	NA	NA	NA	NA	NA	NA
"Bilophila"	"Bilophila"	"Bacteria|Deltaproteobacteria|Desulfovibrionales|Desulfovibrionaceae|Bilophila|NA"	"2"	"1224"	"28221"	"213115"	"194924"	"35832"	NA	NA
"Clostridiales_9"	"Clostridiales_9"	"Bacteria|Clostridia|Eubacteriales|NA|NA|NA"	"2"	"1239"	"186801"	"186802"	NA	NA	NA	NA
"Clostridiales_7"	"Clostridiales_7"	"Bacteria|Clostridia|Eubacteriales|NA|NA|NA"	"2"	"1239"	"186801"	"186802"	NA	NA	NA	NA
"Leptotrichia"	"Leptotrichia"	"Bacteria|Fusobacteriia|Fusobacteriales|Leptotrichiaceae|Leptotrichia|NA"	"2"	"32066"	"203490"	"203491"	"1129771"	"32067"	NA	NA
"Bradyrhizobium"	"Bradyrhizobium"	"Bacteria|Alphaproteobacteria|Hyphomicrobiales|Nitrobacteraceae|Bradyrhizobium|NA"	"2"	"1224"	"28211"	"356"	"41294"	"374"	NA	NA
"Flexibacteraceae_5"	"Flexibacteraceae_5"	"Bacteria|Cytophagia|Cytophagales|Flexibacteraceae|NA|NA"	"2"	"976"	"768503"	"768507"	"2762284"	NA	NA	NA
"Rhizobium"	"Rhizobium"	"Bacteria|Alphaproteobacteria|Hyphomicrobiales|Rhizobiaceae|Rhizobium|NA"	"2"	"1224"	"28211"	"356"	"82115"	"379"	NA	NA
"Proteobacteria_3"	"Proteobacteria_3"	"Bacteria|NA|NA|NA|NA|NA"	"2"	NA	NA	NA	NA	NA	NA	NA
"Ruminococcaceae_8"	"Ruminococcaceae_8"	"Bacteria|Clostridia|Eubacteriales|Oscillospiraceae|NA|NA"	"2"	"1239"	"186801"	"186802"	"216572"	NA	NA	NA
"Rhodoferax"	"Rhodoferax"	"Bacteria|Betaproteobacteria|Burkholderiales|Comamonadaceae|Rhodoferax|NA"	"2"	"1224"	"28216"	"80840"	"80864"	"28065"	NA	NA
"Methylovorus"	"Methylovorus"	"Bacteria|Betaproteobacteria|Nitrosomonadales|Methylophilaceae|Methylovorus|NA"	"2"	"1224"	"28216"	"32003"	"32011"	"81682"	NA	NA
"Janibacter"	"Janibacter"	"Bacteria|Actinomycetia|Micrococcales|Intrasporangiaceae|Janibacter|NA"	"2"	"201174"	"1760"	"85006"	"85021"	"53457"	NA	NA
"Corynebacterineae_1"	"Corynebacterineae_1"	"Bacteria|Actinomycetia|Corynebacteriales|NA|NA|NA"	"2"	"201174"	"1760"	"85007"	NA	NA	NA	NA
"Riemerella"	"Riemerella"	"Bacteria|Flavobacteriia|Flavobacteriales|Weeksellaceae|Riemerella|NA"	"2"	"976"	"117743"	"200644"	"2762318"	"34084"	NA	NA
"Turicella"	"Turicella"	"Bacteria|Actinomycetia|Corynebacteriales|Corynebacteriaceae|Corynebacterium|NA"	"2"	"201174"	"1760"	"85007"	"1653"	"1716"	NA	"bv-associated"
"Pseudomonadaceae_1"	"Pseudomonadaceae_1"	"Bacteria|Gammaproteobacteria|Pseudomonadales|Pseudomonadaceae|NA|NA"	"2"	"1224"	"1236"	"72274"	"135621"	NA	NA	NA
"Gp8"	"Gp8"	"NA|NA|NA|NA|NA|NA"	NA	NA	NA	NA	NA	NA	NA	NA
"Clostridiales_10"	"Clostridiales_10"	"Bacteria|Clostridia|Eubacteriales|NA|NA|NA"	"2"	"1239"	"186801"	"186802"	NA	NA	NA	NA
"Novosphingobium"	"Novosphingobium"	"Bacteria|Alphaproteobacteria|Sphingomonadales|Sphingomonadaceae|Novosphingobium|NA"	"2"	"1224"	"28211"	"204457"	"41297"	"165696"	NA	NA
"Flexibacteraceae_1"	"Flexibacteraceae_1"	"Bacteria|Cytophagia|Cytophagales|Flexibacteraceae|NA|NA"	"2"	"976"	"768503"	"768507"	"2762284"	NA	NA	NA
"Microbacteriaceae_1"	"Microbacteriaceae_1"	"Bacteria|Actinomycetia|Micrococcales|Microbacteriaceae|NA|NA"	"2"	"201174"	"1760"	"85006"	"85023"	NA	NA	NA
"Bacillales_5"	"Bacillales_5"	"Bacteria|Bacilli|Bacillales|NA|NA|NA"	"2"	"1239"	"91061"	"1385"	NA	NA	NA	NA
"Selenomonas"	"Selenomonas"	"Bacteria|Negativicutes|Selenomonadales|Selenomonadaceae|Selenomonas|NA"	"2"	"1239"	"909932"	"909929"	"1843491"	"970"	NA	NA
"Roseomonas"	"Roseomonas"	"Bacteria|Alphaproteobacteria|Rhodospirillales|Acetobacteraceae|Roseomonas|NA"	"2"	"1224"	"28211"	"204441"	"433"	"125216"	NA	NA
"Polaromonas"	"Polaromonas"	"Bacteria|Betaproteobacteria|Burkholderiales|Comamonadaceae|Polaromonas|NA"	"2"	"1224"	"28216"	"80840"	"80864"	"52972"	NA	NA
"Patulibacter"	"Patulibacter"	"Bacteria|Thermoleophilia|Solirubrobacterales|Patulibacteraceae|Patulibacter|NA"	"2"	"201174"	"1497346"	"588673"	"361606"	"361607"	NA	NA
"Gordonia"	"Gordonia"	"Bacteria|Actinomycetia|Corynebacteriales|Gordoniaceae|Gordonia|NA"	"2"	"201174"	"1760"	"85007"	"85026"	"2053"	NA	NA
"Flectobacillus"	"Flectobacillus"	"Bacteria|Cytophagia|Cytophagales|Spirosomaceae|Flectobacillus|NA"	"2"	"976"	"768503"	"768507"	"2896860"	"101"	NA	NA
"Dermacoccus"	"Dermacoccus"	"Bacteria|Actinomycetia|Micrococcales|Dermacoccaceae|Dermacoccus|NA"	"2"	"201174"	"1760"	"85006"	"145357"	"57495"	NA	NA
"Bacillus_c"	"Bacillus_c"	"Bacteria|Bacilli|Bacillales|Bacillaceae|Bacillus|NA"	"2"	"1239"	"91061"	"1385"	"186817"	"1386"	NA	"bv-associated"
"Clostridiales_18"	"Clostridiales_18"	"Bacteria|Clostridia|Eubacteriales|NA|NA|NA"	"2"	"1239"	"186801"	"186802"	NA	NA	NA	NA
"Proteobacteria_16"	"Proteobacteria_16"	"Bacteria|NA|NA|NA|NA|NA"	"2"	NA	NA	NA	NA	NA	NA	NA
"Simplicispira"	"Simplicispira"	"Bacteria|Betaproteobacteria|Burkholderiales|Comamonadaceae|Simplicispira|NA"	"2"	"1224"	"28216"	"80840"	"80864"	"352450"	NA	NA
"Bacilli_2"	"Bacilli_2"	"Bacteria|Bacilli|NA|NA|NA|NA"	"2"	NA	NA	NA	NA	NA	NA	NA
"Microbacterium"	"Microbacterium"	"Bacteria|Actinomycetia|Micrococcales|Microbacteriaceae|Microbacterium|NA"	"2"	"201174"	"1760"	"85006"	"85023"	"33882"	NA	NA
